{"stats":{"minecraft:mined":{"minecraft:dead_bush":12,"minecraft:sand":4,"minecraft:sugar_cane":2},"minecraft:used":{"minecraft:sand":4},"minecraft:picked_up":{"minecraft:stick":54,"minecraft:bone":1,"minecraft:arrow":1,"minecraft:cactus":11,"minecraft:sand":4,"minecraft:ink_sac":3,"minecraft:sugar_cane":35,"minecraft:string":4},"minecraft:custom":{"minecraft:time_since_rest":4431,"minecraft:crouch_one_cm":214,"minecraft:play_time":4431,"minecraft:sprint_one_cm":13301,"minecraft:walk_one_cm":10621,"minecraft:damage_taken":45,"minecraft:sneak_time":995,"minecraft:jump":161,"minecraft:damage_dealt":131,"minecraft:time_since_death":4431,"minecraft:walk_on_water_one_cm":278,"minecraft:total_world_time":4431,"minecraft:fall_one_cm":3878,"minecraft:fly_one_cm":28638}},"DataVersion":3955}