{"stats":{"minecraft:killed_by":{"minecraft:zombie":1},"minecraft:crafted":{"minecraft:oak_planks":20,"minecraft:crafting_table":2,"minecraft:wooden_pickaxe":1,"minecraft:iron_sword":1,"minecraft:furnace":1,"minecraft:bucket":1,"minecraft:air":0,"minecraft:oak_boat":1,"minecraft:shield":1,"minecraft:stick":4,"minecraft:iron_ingot":13,"minecraft:iron_pickaxe":1,"minecraft:stone_pickaxe":1,"minecraft:stone_sword":1},"minecraft:used":{"minecraft:water_bucket":1,"minecraft:diorite":8,"minecraft:red_sand":2,"minecraft:stone_sword":15,"minecraft:stone_pickaxe":62,"minecraft:oak_planks":7,"minecraft:cactus":3,"minecraft:wooden_pickaxe":20,"minecraft:iron_sword":2,"minecraft:rotten_flesh":3,"minecraft:torch":2,"minecraft:sand":4,"minecraft:crafting_table":2,"minecraft:dark_oak_planks":1,"minecraft:bread":1,"minecraft:iron_pickaxe":17,"minecraft:furnace":1,"minecraft:bucket":2,"minecraft:oak_boat":1},"minecraft:mined":{"minecraft:dark_oak_planks":1,"minecraft:red_sand":1,"minecraft:dead_bush":25,"minecraft:sugar_cane":17,"minecraft:oak_planks":1,"minecraft:diorite":8,"minecraft:iron_ore":16,"minecraft:oak_log":9,"minecraft:coal_ore":20,"minecraft:deepslate_iron_ore":5,"minecraft:sand":6,"minecraft:cobweb":4,"minecraft:stone":26,"minecraft:oak_leaves":2,"minecraft:deepslate":9},"minecraft:dropped":{"minecraft:sugar_cane":35,"minecraft:oak_log":6,"minecraft:stone_sword":1,"minecraft:stick":60,"minecraft:rabbit_hide":1,"minecraft:ink_sac":3,"minecraft:sand":2,"minecraft:arrow":1,"minecraft:red_sand":1,"minecraft:stone_pickaxe":1,"minecraft:wooden_pickaxe":2,"minecraft:cactus":14,"minecraft:string":4,"minecraft:bone":1},"minecraft:custom":{"minecraft:interact_with_furnace":8,"minecraft:mob_kills":6,"minecraft:interact_with_crafting_table":11,"minecraft:time_since_death":15846,"minecraft:time_since_rest":15986,"minecraft:sprint_one_cm":69421,"minecraft:damage_taken":625,"minecraft:walk_one_cm":139860,"minecraft:drop":21,"minecraft:damage_dealt":1471,"minecraft:swim_one_cm":22198,"minecraft:fly_one_cm":182892,"minecraft:crouch_one_cm":786,"minecraft:deaths":2,"minecraft:play_time":40431,"minecraft:sneak_time":1740,"minecraft:walk_under_water_one_cm":16540,"minecraft:boat_one_cm":14502,"minecraft:jump":1001,"minecraft:walk_on_water_one_cm":18532,"minecraft:total_world_time":40431,"minecraft:fall_one_cm":22729},"minecraft:picked_up":{"minecraft:wooden_axe":1,"minecraft:wooden_pickaxe":3,"minecraft:oak_log":11,"minecraft:string":16,"minecraft:name_tag":1,"minecraft:bone":2,"minecraft:red_sand":3,"minecraft:cobbled_deepslate":9,"minecraft:rabbit_hide":2,"minecraft:stone_pickaxe":3,"minecraft:oak_boat":2,"minecraft:sugar_cane":225,"minecraft:oak_planks":15,"minecraft:stick":189,"minecraft:raw_iron":21,"minecraft:torch":18,"minecraft:sand":6,"minecraft:ink_sac":6,"minecraft:diorite":8,"minecraft:dark_oak_planks":1,"minecraft:stone_sword":2,"minecraft:arrow":2,"minecraft:cactus":20,"minecraft:rotten_flesh":3,"minecraft:armadillo_scute":2,"minecraft:coal":20,"minecraft:cobblestone":25},"minecraft:killed":{"minecraft:husk":1,"minecraft:spider":1,"minecraft:bat":1,"minecraft:zombie":1,"minecraft:enderman":1}},"DataVersion":3955}