{"stats":{"minecraft:crafted":{"minecraft:golden_carrot":23,"minecraft:oak_planks":136,"minecraft:diamond_hoe":1,"minecraft:furnace":2,"minecraft:diamond_shovel":1,"minecraft:bookshelf":13,"minecraft:diamond_helmet":1,"minecraft:diamond_leggings":1,"minecraft:iron_boots":1,"minecraft:stone_pickaxe":3,"minecraft:chest":1,"minecraft:dark_oak_planks":144,"minecraft:wheat":234,"minecraft:diamond_sword":1,"minecraft:emerald":9,"minecraft:cooked_porkchop":17,"minecraft:diamond_axe":1,"minecraft:crafting_table":4,"minecraft:enchanting_table":1,"minecraft:wooden_pickaxe":1,"minecraft:bucket":1,"minecraft:stone_axe":2,"minecraft:bread":64,"minecraft:air":0,"minecraft:iron_chestplate":1,"minecraft:book":18,"minecraft:paper":57,"minecraft:diamond_pickaxe":2,"minecraft:shield":1,"minecraft:gold_nugget":252,"minecraft:stick":328,"minecraft:iron_ingot":22,"minecraft:iron_pickaxe":2,"minecraft:stone_sword":3,"minecraft:gold_ingot":26,"minecraft:white_bed":2,"minecraft:acacia_planks":36,"minecraft:torch":104,"minecraft:diamond_chestplate":1},"minecraft:broken":{"minecraft:stone_pickaxe":1,"minecraft:shield":1,"minecraft:iron_pickaxe":2},"minecraft:used":{"minecraft:stone_sword":30,"minecraft:diamond_hoe":53,"minecraft:chest":2,"minecraft:shield":53,"minecraft:cooked_chicken":2,"minecraft:rotten_flesh":1,"minecraft:torch":103,"minecraft:dirt":22,"minecraft:carrot":14,"minecraft:diamond_helmet":1,"minecraft:tuff":30,"minecraft:obsidian":1,"minecraft:bookshelf":10,"minecraft:bow":1,"minecraft:smooth_basalt":2,"minecraft:bamboo":13,"minecraft:golden_carrot":7,"minecraft:oak_sapling":9,"minecraft:furnace":4,"minecraft:egg":1,"minecraft:cooked_beef":5,"minecraft:potato":1,"minecraft:cobbled_deepslate":23,"minecraft:acacia_planks":2,"minecraft:wheat_seeds":10,"minecraft:water_bucket":33,"minecraft:oak_planks":11,"minecraft:stone_pickaxe":197,"minecraft:wooden_pickaxe":4,"minecraft:diamond_axe":161,"minecraft:golden_apple":1,"minecraft:golden_hoe":106,"minecraft:tnt":1,"minecraft:crafting_table":13,"minecraft:white_bed":4,"minecraft:diamond_pickaxe":1132,"minecraft:apple":4,"minecraft:diamond_shovel":83,"minecraft:string":1,"minecraft:iron_pickaxe":501,"minecraft:suspicious_stew":2,"minecraft:bread":28,"minecraft:gravel":3,"minecraft:stone_axe":101,"minecraft:diamond_sword":110,"minecraft:cobblestone":5,"minecraft:cooked_porkchop":17,"minecraft:bucket":34,"minecraft:diamond_leggings":4,"minecraft:coarse_dirt":1},"minecraft:mined":{"minecraft:large_amethyst_bud":1,"minecraft:tuff":86,"minecraft:oak_sapling":1,"minecraft:farmland":3,"minecraft:mossy_cobblestone":13,"minecraft:dark_oak_leaves":20,"minecraft:deepslate_diamond_ore":70,"minecraft:sculk_vein":11,"minecraft:jungle_leaves":1,"minecraft:dark_oak_log":36,"minecraft:obsidian":6,"minecraft:granite":7,"minecraft:budding_amethyst":3,"minecraft:acacia_log":9,"minecraft:grass_block":11,"minecraft:redstone_wire":5,"minecraft:spawner":1,"minecraft:hay_block":74,"minecraft:smooth_stone":8,"minecraft:furnace":1,"minecraft:carrots":9,"minecraft:iron_ore":18,"minecraft:sticky_piston":3,"minecraft:cobbled_deepslate":1,"minecraft:deepslate_lapis_ore":5,"minecraft:sculk_shrieker":1,"minecraft:bookshelf":8,"minecraft:potatoes":3,"minecraft:flowering_azalea_leaves":1,"minecraft:dirt_path":3,"minecraft:deepslate_iron_ore":4,"minecraft:vine":1,"minecraft:bamboo_sapling":1,"minecraft:bamboo":3,"minecraft:stone":124,"minecraft:tripwire":4,"minecraft:deepslate_redstone_ore":1,"minecraft:acacia_leaves":2,"minecraft:amethyst_cluster":6,"minecraft:melon_stem":1,"minecraft:smoker":1,"minecraft:crafting_table":9,"minecraft:short_grass":15,"minecraft:blast_furnace":1,"minecraft:emerald_ore":1,"minecraft:calcite":7,"minecraft:chest":1,"minecraft:dead_bush":19,"minecraft:sculk_sensor":1,"minecraft:lectern":1,"minecraft:tall_grass":7,"minecraft:cobblestone":8,"minecraft:oak_planks":1,"minecraft:deepslate_gold_ore":25,"minecraft:grindstone":1,"minecraft:sugar_cane":26,"minecraft:sculk":165,"minecraft:diorite":1,"minecraft:wall_torch":8,"minecraft:amethyst_block":6,"minecraft:repeater":1,"minecraft:coarse_dirt":1,"minecraft:wheat":14,"minecraft:tnt":3,"minecraft:coal_ore":106,"minecraft:oak_log":73,"minecraft:gravel":3,"minecraft:dirt":7,"minecraft:sand":85,"minecraft:smooth_basalt":4,"minecraft:tripwire_hook":2,"minecraft:acacia_planks":1,"minecraft:stonecutter":1,"minecraft:dispenser":2,"minecraft:deepslate":1276,"minecraft:oak_leaves":29},"minecraft:custom":{"minecraft:mob_kills":83,"minecraft:interact_with_crafting_table":67,"minecraft:leave_game":4,"minecraft:time_since_death":238733,"minecraft:climb_one_cm":5944,"minecraft:sprint_one_cm":530570,"minecraft:walk_one_cm":769714,"minecraft:damage_blocked_by_shield":2191,"minecraft:drop":153,"minecraft:talked_to_villager":45,"minecraft:play_time":238733,"minecraft:sneak_time":5272,"minecraft:walk_under_water_one_cm":10607,"minecraft:jump":6251,"minecraft:interact_with_blast_furnace":3,"minecraft:walk_on_water_one_cm":25034,"minecraft:enchant_item":1,"minecraft:total_world_time":238733,"minecraft:interact_with_furnace":30,"minecraft:traded_with_villager":10,"minecraft:interact_with_grindstone":2,"minecraft:sleep_in_bed":6,"minecraft:time_since_rest":3055,"minecraft:damage_absorbed":20,"minecraft:damage_taken":2650,"minecraft:damage_dealt":14457,"minecraft:swim_one_cm":27799,"minecraft:fly_one_cm":1238007,"minecraft:open_chest":110,"minecraft:crouch_one_cm":11414,"minecraft:fall_one_cm":172644,"minecraft:inspect_dispenser":2},"minecraft:picked_up":{"minecraft:crafting_table":10,"minecraft:coarse_dirt":1,"minecraft:wheat":12,"minecraft:chainmail_boots":2,"minecraft:chicken":3,"minecraft:wooden_pickaxe":3,"minecraft:shield":2,"minecraft:amethyst_block":2,"minecraft:string":6,"minecraft:raw_copper":4,"minecraft:sticky_piston":3,"minecraft:beetroot":3,"minecraft:diamond_leggings":1,"minecraft:smooth_stone":8,"minecraft:cobbled_deepslate":851,"minecraft:beef":37,"minecraft:calcite":7,"minecraft:poppy":1,"minecraft:lectern":2,"minecraft:sugar_cane":132,"minecraft:chest":1,"minecraft:birch_sapling":2,"minecraft:furnace":2,"minecraft:egg":5,"minecraft:dark_oak_sapling":1,"minecraft:stick":27,"minecraft:raw_iron":22,"minecraft:torch":13,"minecraft:bowl":2,"minecraft:acacia_log":9,"minecraft:porkchop":12,"minecraft:cookie":64,"minecraft:diorite":1,"minecraft:carrot":39,"minecraft:redstone":11,"minecraft:tnt":3,"minecraft:stone_sword":2,"minecraft:arrow":3,"minecraft:rotten_flesh":8,"minecraft:shears":3,"minecraft:diamond_boots":1,"minecraft:hay_block":74,"minecraft:obsidian":6,"minecraft:mutton":6,"minecraft:white_wool":32,"minecraft:cobblestone":134,"minecraft:feather":5,"minecraft:repeater":1,"minecraft:tripwire_hook":1,"minecraft:leather":46,"minecraft:smoker":1,"minecraft:potato":10,"minecraft:tuff":80,"minecraft:oak_log":73,"minecraft:gunpowder":4,"minecraft:lapis_lazuli":32,"minecraft:dirt":23,"minecraft:name_tag":1,"minecraft:bone":2,"minecraft:acacia_planks":1,"minecraft:apple":4,"minecraft:stonecutter":1,"minecraft:wheat_seeds":37,"minecraft:raw_gold":25,"minecraft:iron_ingot":6,"minecraft:grindstone":1,"minecraft:cooked_chicken":2,"minecraft:cobweb":1,"minecraft:bamboo":13,"minecraft:powered_rail":8,"minecraft:oak_planks":58,"minecraft:book":24,"minecraft:smooth_basalt":4,"minecraft:gravel":3,"minecraft:sand":83,"minecraft:amethyst_shard":26,"minecraft:blast_furnace":1,"minecraft:white_bed":2,"minecraft:dark_oak_log":36,"minecraft:mossy_cobblestone":13,"minecraft:dispenser":2,"minecraft:diamond":70,"minecraft:chainmail_leggings":2,"minecraft:diamond_axe":1,"minecraft:granite":7,"minecraft:golden_apple":1,"minecraft:emerald":1,"minecraft:oak_sapling":11,"minecraft:coal":106,"minecraft:oak_leaves":2},"minecraft:dropped":{"minecraft:bread":9,"minecraft:iron_ingot":4,"minecraft:wheat_seeds":5,"minecraft:diamond_axe":1,"minecraft:lapis_lazuli":16,"minecraft:oak_log":39,"minecraft:diamond":27,"minecraft:bookshelf":3,"minecraft:dark_oak_sapling":1,"minecraft:cobblestone":95,"minecraft:amethyst_block":2,"minecraft:leather":2,"minecraft:granite":7,"minecraft:emerald":13,"minecraft:dirt":1,"minecraft:diorite":1,"minecraft:gold_nugget":10,"minecraft:stonecutter":1,"minecraft:sand":83,"minecraft:chainmail_leggings":2,"minecraft:string":1,"minecraft:redstone":4,"minecraft:smooth_basalt":2,"minecraft:bone":9,"minecraft:stone_axe":1,"minecraft:sugar_cane":15,"minecraft:cobbled_deepslate":121,"minecraft:stone_sword":5,"minecraft:wild_armor_trim_smithing_template":1,"minecraft:raw_copper":4,"minecraft:bowl":5,"minecraft:tuff":50,"minecraft:birch_sapling":2,"minecraft:rotten_flesh":7,"minecraft:oak_planks":34,"minecraft:shears":3,"minecraft:blast_furnace":1,"minecraft:poppy":1,"minecraft:potato":1,"minecraft:shield":1,"minecraft:diamond_pickaxe":1,"minecraft:oak_sapling":2,"minecraft:acacia_sapling":1,"minecraft:chainmail_boots":2,"minecraft:powered_rail":8,"minecraft:stone_pickaxe":2,"minecraft:wooden_pickaxe":3,"minecraft:calcite":7,"minecraft:oak_leaves":2,"minecraft:lectern":2,"minecraft:enchanting_table":1},"minecraft:killed":{"minecraft:spider":5,"minecraft:horse":17,"minecraft:chicken":3,"minecraft:pig":5,"minecraft:iron_golem":1,"minecraft:creeper":2,"minecraft:sheep":6,"minecraft:zombie":21,"minecraft:donkey":3,"minecraft:cow":18,"minecraft:enderman":2}},"DataVersion":3955}