{"stats":{"minecraft:killed_by":{"minecraft:zombie":1},"minecraft:crafted":{"minecraft:oak_boat":1,"minecraft:oak_planks":20,"minecraft:crafting_table":1,"minecraft:wooden_pickaxe":1,"minecraft:stone_pickaxe":1,"minecraft:stone_sword":1},"minecraft:used":{"minecraft:dark_oak_planks":1,"minecraft:stone_sword":9,"minecraft:red_sand":1,"minecraft:bread":1,"minecraft:oak_planks":7,"minecraft:cactus":3,"minecraft:wooden_pickaxe":20,"minecraft:sand":4,"minecraft:crafting_table":1,"minecraft:oak_boat":1},"minecraft:mined":{"minecraft:dark_oak_planks":1,"minecraft:red_sand":1,"minecraft:oak_log":9,"minecraft:dead_bush":25,"minecraft:sand":6,"minecraft:cobweb":4,"minecraft:stone":6,"minecraft:oak_planks":1,"minecraft:sugar_cane":17,"minecraft:oak_leaves":2},"minecraft:dropped":{"minecraft:rabbit_hide":1,"minecraft:sugar_cane":35,"minecraft:oak_log":6,"minecraft:ink_sac":3,"minecraft:sand":2,"minecraft:arrow":1,"minecraft:wooden_pickaxe":1,"minecraft:cactus":14,"minecraft:string":4,"minecraft:bone":1,"minecraft:stick":60},"minecraft:picked_up":{"minecraft:stick":127,"minecraft:wooden_pickaxe":2,"minecraft:sand":6,"minecraft:oak_log":11,"minecraft:ink_sac":3,"minecraft:string":8,"minecraft:dark_oak_planks":1,"minecraft:name_tag":1,"minecraft:stone_sword":1,"minecraft:cactus":20,"minecraft:arrow":1,"minecraft:bone":2,"minecraft:rotten_flesh":1,"minecraft:red_sand":2,"minecraft:rabbit_hide":1,"minecraft:armadillo_scute":2,"minecraft:stone_pickaxe":1,"minecraft:oak_boat":1,"minecraft:sugar_cane":97,"minecraft:oak_planks":1,"minecraft:cobblestone":6},"minecraft:custom":{"minecraft:time_since_rest":3986,"minecraft:sprint_one_cm":63269,"minecraft:damage_taken":435,"minecraft:walk_one_cm":99218,"minecraft:mob_kills":4,"minecraft:drop":17,"minecraft:damage_dealt":1080,"minecraft:swim_one_cm":22001,"minecraft:interact_with_crafting_table":4,"minecraft:fly_one_cm":178248,"minecraft:crouch_one_cm":502,"minecraft:play_time":28431,"minecraft:deaths":2,"minecraft:sneak_time":1637,"minecraft:walk_under_water_one_cm":3126,"minecraft:boat_one_cm":14502,"minecraft:jump":811,"minecraft:walk_on_water_one_cm":12769,"minecraft:time_since_death":3846,"minecraft:total_world_time":28431,"minecraft:fall_one_cm":19485},"minecraft:killed":{"minecraft:husk":1,"minecraft:bat":1,"minecraft:enderman":1}},"DataVersion":3955}