{"stats":{"minecraft:picked_up":{"minecraft:leather":1,"minecraft:beef":3,"minecraft:spruce_log":6,"minecraft:sugar_cane":8},"minecraft:used":{"minecraft:crafting_table":1,"minecraft:wooden_pickaxe":9},"minecraft:custom":{"minecraft:time_since_rest":2965,"minecraft:play_time":2965,"minecraft:sprint_one_cm":6439,"minecraft:walk_one_cm":5732,"minecraft:mob_kills":1,"minecraft:jump":109,"minecraft:damage_dealt":157,"minecraft:time_since_death":2965,"minecraft:total_world_time":2965,"minecraft:interact_with_crafting_table":2,"minecraft:fall_one_cm":627,"minecraft:fly_one_cm":47073},"minecraft:crafted":{"minecraft:crafting_table":1,"minecraft:spruce_planks":24,"minecraft:stick":4,"minecraft:wooden_pickaxe":1},"minecraft:mined":{"minecraft:large_fern":1,"minecraft:fire":1,"minecraft:spruce_leaves":1,"minecraft:spruce_log":6,"minecraft:sugar_cane":1},"minecraft:killed":{"minecraft:cow":1}},"DataVersion":3955}