{"stats":{"minecraft:picked_up":{"minecraft:stick":7,"minecraft:coarse_dirt":1},"minecraft:custom":{"minecraft:jump":45,"minecraft:time_since_rest":1086,"minecraft:sprint_one_cm":4943,"minecraft:play_time":1086,"minecraft:time_since_death":1086,"minecraft:walk_one_cm":4218,"minecraft:total_world_time":1086,"minecraft:fall_one_cm":836,"minecraft:fly_one_cm":10031},"minecraft:used":{"minecraft:coarse_dirt":1},"minecraft:mined":{"minecraft:coarse_dirt":1,"minecraft:dead_bush":6}},"DataVersion":3955}