{"stats":{"minecraft:killed":{"minecraft:spider":3,"minecraft:chicken":3,"minecraft:pig":5,"minecraft:creeper":2,"minecraft:sheep":5,"minecraft:zombie":21,"minecraft:enderman":1,"minecraft:cow":4},"minecraft:picked_up":{"minecraft:coarse_dirt":1,"minecraft:crafting_table":9,"minecraft:wheat":12,"minecraft:chainmail_boots":2,"minecraft:chicken":3,"minecraft:wooden_pickaxe":3,"minecraft:shield":2,"minecraft:amethyst_block":2,"minecraft:string":6,"minecraft:raw_copper":4,"minecraft:sticky_piston":3,"minecraft:diamond_leggings":1,"minecraft:cobbled_deepslate":851,"minecraft:beef":8,"minecraft:calcite":7,"minecraft:sugar_cane":49,"minecraft:chest":1,"minecraft:birch_sapling":2,"minecraft:egg":4,"minecraft:furnace":2,"minecraft:stick":26,"minecraft:raw_iron":22,"minecraft:torch":11,"minecraft:acacia_log":9,"minecraft:porkchop":12,"minecraft:diorite":1,"minecraft:carrot":39,"minecraft:redstone":11,"minecraft:stone_sword":2,"minecraft:rotten_flesh":7,"minecraft:shears":3,"minecraft:diamond_boots":1,"minecraft:hay_block":26,"minecraft:mutton":6,"minecraft:obsidian":5,"minecraft:white_wool":32,"minecraft:cobblestone":129,"minecraft:feather":5,"minecraft:repeater":1,"minecraft:tripwire_hook":1,"minecraft:leather":7,"minecraft:potato":10,"minecraft:tuff":80,"minecraft:oak_log":55,"minecraft:gunpowder":4,"minecraft:lapis_lazuli":32,"minecraft:dirt":17,"minecraft:name_tag":1,"minecraft:acacia_planks":1,"minecraft:apple":3,"minecraft:wheat_seeds":35,"minecraft:raw_gold":25,"minecraft:iron_ingot":6,"minecraft:cooked_chicken":2,"minecraft:cobweb":1,"minecraft:bamboo":9,"minecraft:powered_rail":8,"minecraft:oak_planks":57,"minecraft:smooth_basalt":4,"minecraft:gravel":3,"minecraft:amethyst_shard":26,"minecraft:white_bed":1,"minecraft:mossy_cobblestone":13,"minecraft:dispenser":2,"minecraft:diamond":70,"minecraft:chainmail_leggings":2,"minecraft:granite":7,"minecraft:golden_apple":1,"minecraft:oak_sapling":1,"minecraft:coal":62},"minecraft:broken":{"minecraft:stone_pickaxe":1,"minecraft:shield":1,"minecraft:iron_pickaxe":2},"minecraft:custom":{"minecraft:mob_kills":44,"minecraft:interact_with_crafting_table":53,"minecraft:leave_game":2,"minecraft:time_since_death":161626,"minecraft:climb_one_cm":4780,"minecraft:sprint_one_cm":314545,"minecraft:walk_one_cm":520028,"minecraft:damage_blocked_by_shield":2166,"minecraft:drop":109,"minecraft:talked_to_villager":14,"minecraft:play_time":161626,"minecraft:sneak_time":4953,"minecraft:walk_under_water_one_cm":2797,"minecraft:jump":3698,"minecraft:interact_with_blast_furnace":3,"minecraft:walk_on_water_one_cm":10516,"minecraft:total_world_time":161626,"minecraft:interact_with_furnace":26,"minecraft:sleep_in_bed":3,"minecraft:time_since_rest":10474,"minecraft:damage_taken":1888,"minecraft:damage_absorbed":20,"minecraft:damage_dealt":7117,"minecraft:swim_one_cm":15399,"minecraft:fly_one_cm":603940,"minecraft:open_chest":53,"minecraft:crouch_one_cm":10390,"minecraft:fall_one_cm":98488,"minecraft:inspect_dispenser":2},"minecraft:used":{"minecraft:stone_sword":30,"minecraft:chest":2,"minecraft:shield":50,"minecraft:cooked_chicken":2,"minecraft:rotten_flesh":1,"minecraft:torch":103,"minecraft:dirt":16,"minecraft:carrot":14,"minecraft:diamond_helmet":1,"minecraft:tuff":30,"minecraft:smooth_basalt":2,"minecraft:golden_carrot":1,"minecraft:furnace":4,"minecraft:potato":1,"minecraft:cooked_beef":5,"minecraft:acacia_planks":2,"minecraft:cobbled_deepslate":23,"minecraft:wheat_seeds":10,"minecraft:water_bucket":20,"minecraft:stone_pickaxe":197,"minecraft:oak_planks":11,"minecraft:wooden_pickaxe":4,"minecraft:golden_apple":1,"minecraft:golden_hoe":106,"minecraft:crafting_table":12,"minecraft:white_bed":3,"minecraft:diamond_pickaxe":1069,"minecraft:apple":4,"minecraft:bread":7,"minecraft:string":1,"minecraft:iron_pickaxe":501,"minecraft:gravel":3,"minecraft:stone_axe":101,"minecraft:diamond_sword":62,"minecraft:cobblestone":5,"minecraft:cooked_porkchop":17,"minecraft:bucket":21,"minecraft:coarse_dirt":1,"minecraft:diamond_leggings":4},"minecraft:dropped":{"minecraft:iron_ingot":4,"minecraft:wheat_seeds":3,"minecraft:lapis_lazuli":16,"minecraft:oak_log":39,"minecraft:diamond":27,"minecraft:bookshelf":3,"minecraft:cobblestone":88,"minecraft:amethyst_block":2,"minecraft:leather":2,"minecraft:granite":7,"minecraft:dirt":1,"minecraft:diorite":1,"minecraft:gold_nugget":6,"minecraft:chainmail_leggings":2,"minecraft:string":1,"minecraft:smooth_basalt":2,"minecraft:redstone":4,"minecraft:stone_axe":1,"minecraft:sugar_cane":15,"minecraft:stone_sword":5,"minecraft:cobbled_deepslate":121,"minecraft:raw_copper":4,"minecraft:tuff":50,"minecraft:birch_sapling":2,"minecraft:rotten_flesh":6,"minecraft:oak_planks":34,"minecraft:shears":3,"minecraft:potato":1,"minecraft:shield":1,"minecraft:chainmail_boots":2,"minecraft:oak_sapling":1,"minecraft:wooden_pickaxe":3,"minecraft:powered_rail":8,"minecraft:stone_pickaxe":2,"minecraft:calcite":7,"minecraft:enchanting_table":1},"minecraft:crafted":{"minecraft:golden_carrot":23,"minecraft:oak_planks":64,"minecraft:furnace":2,"minecraft:bookshelf":3,"minecraft:diamond_helmet":1,"minecraft:diamond_leggings":1,"minecraft:iron_boots":1,"minecraft:stone_pickaxe":3,"minecraft:chest":1,"minecraft:wheat":234,"minecraft:diamond_sword":1,"minecraft:cooked_porkchop":17,"minecraft:diamond_axe":1,"minecraft:crafting_table":4,"minecraft:enchanting_table":1,"minecraft:wooden_pickaxe":1,"minecraft:bucket":1,"minecraft:stone_axe":2,"minecraft:bread":64,"minecraft:air":0,"minecraft:gold_nugget":252,"minecraft:book":10,"minecraft:paper":30,"minecraft:iron_chestplate":1,"minecraft:diamond_pickaxe":1,"minecraft:shield":1,"minecraft:stick":40,"minecraft:iron_ingot":22,"minecraft:iron_pickaxe":2,"minecraft:stone_sword":3,"minecraft:gold_ingot":26,"minecraft:white_bed":2,"minecraft:acacia_planks":36,"minecraft:torch":104},"minecraft:mined":{"minecraft:large_amethyst_bud":1,"minecraft:tuff":86,"minecraft:mossy_cobblestone":13,"minecraft:deepslate_diamond_ore":70,"minecraft:sculk_vein":11,"minecraft:jungle_leaves":1,"minecraft:obsidian":5,"minecraft:granite":7,"minecraft:budding_amethyst":3,"minecraft:acacia_log":9,"minecraft:grass_block":11,"minecraft:redstone_wire":5,"minecraft:spawner":1,"minecraft:hay_block":26,"minecraft:furnace":1,"minecraft:carrots":9,"minecraft:sticky_piston":3,"minecraft:iron_ore":18,"minecraft:cobbled_deepslate":1,"minecraft:deepslate_lapis_ore":5,"minecraft:sculk_shrieker":1,"minecraft:potatoes":3,"minecraft:vine":1,"minecraft:deepslate_iron_ore":4,"minecraft:bamboo":1,"minecraft:stone":119,"minecraft:tripwire":4,"minecraft:deepslate_redstone_ore":1,"minecraft:acacia_leaves":2,"minecraft:amethyst_cluster":6,"minecraft:crafting_table":8,"minecraft:short_grass":7,"minecraft:calcite":7,"minecraft:chest":1,"minecraft:dead_bush":19,"minecraft:sculk_sensor":1,"minecraft:tall_grass":2,"minecraft:cobblestone":8,"minecraft:deepslate_gold_ore":25,"minecraft:sugar_cane":2,"minecraft:sculk":165,"minecraft:diorite":1,"minecraft:wall_torch":8,"minecraft:amethyst_block":6,"minecraft:repeater":1,"minecraft:coarse_dirt":1,"minecraft:wheat":12,"minecraft:oak_log":55,"minecraft:coal_ore":62,"minecraft:gravel":3,"minecraft:dirt":6,"minecraft:smooth_basalt":4,"minecraft:tripwire_hook":2,"minecraft:acacia_planks":1,"minecraft:dispenser":2,"minecraft:oak_leaves":18,"minecraft:deepslate":1276}},"DataVersion":3955}