{"stats":{"minecraft:crafted":{"minecraft:oak_planks":20,"minecraft:wooden_pickaxe":1},"minecraft:mined":{"minecraft:red_sand":1,"minecraft:oak_log":9,"minecraft:dead_bush":22,"minecraft:sand":6,"minecraft:sugar_cane":7,"minecraft:oak_leaves":2},"minecraft:used":{"minecraft:red_sand":1,"minecraft:cactus":3,"minecraft:sand":4},"minecraft:dropped":{"minecraft:sugar_cane":35,"minecraft:oak_log":6,"minecraft:ink_sac":3,"minecraft:sand":2,"minecraft:arrow":1,"minecraft:cactus":14,"minecraft:string":4,"minecraft:bone":1,"minecraft:stick":60},"minecraft:picked_up":{"minecraft:stick":125,"minecraft:sand":6,"minecraft:oak_log":11,"minecraft:ink_sac":3,"minecraft:string":4,"minecraft:cactus":20,"minecraft:arrow":1,"minecraft:bone":1,"minecraft:red_sand":1,"minecraft:armadillo_scute":1,"minecraft:sugar_cane":78},"minecraft:custom":{"minecraft:time_since_rest":7553,"minecraft:sprint_one_cm":35388,"minecraft:damage_taken":210,"minecraft:walk_one_cm":32149,"minecraft:mob_kills":3,"minecraft:drop":15,"minecraft:damage_dealt":650,"minecraft:swim_one_cm":12914,"minecraft:interact_with_crafting_table":1,"minecraft:fly_one_cm":102533,"minecraft:crouch_one_cm":502,"minecraft:play_time":16431,"minecraft:deaths":1,"minecraft:sneak_time":1594,"minecraft:walk_under_water_one_cm":1184,"minecraft:jump":503,"minecraft:walk_on_water_one_cm":5563,"minecraft:time_since_death":7528,"minecraft:total_world_time":16431,"minecraft:fall_one_cm":11816},"minecraft:killed":{"minecraft:husk":1,"minecraft:enderman":1}},"DataVersion":3955}