{"stats":{"minecraft:picked_up":{"minecraft:crafting_table":1,"minecraft:cooked_beef":5,"minecraft:leather":2,"minecraft:spruce_sapling":1,"minecraft:spruce_log":6,"minecraft:dirt":13,"minecraft:cooked_mutton":4,"minecraft:wheat_seeds":2,"minecraft:iron_ingot":1,"minecraft:beef":9,"minecraft:sugar_cane":8,"minecraft:mutton":9,"minecraft:white_wool":3,"minecraft:cobblestone":19},"minecraft:used":{"minecraft:cooked_mutton":2,"minecraft:stone_sword":14,"minecraft:wooden_pickaxe":47,"minecraft:crafting_table":1,"minecraft:cooked_beef":2},"minecraft:custom":{"minecraft:time_since_rest":14965,"minecraft:interact_with_furnace":11,"minecraft:sprint_one_cm":64997,"minecraft:damage_taken":140,"minecraft:walk_one_cm":49207,"minecraft:mob_kills":8,"minecraft:drop":4,"minecraft:damage_dealt":666,"minecraft:swim_one_cm":1435,"minecraft:interact_with_crafting_table":8,"minecraft:fly_one_cm":183438,"minecraft:play_time":14965,"minecraft:walk_under_water_one_cm":215,"minecraft:jump":513,"minecraft:time_since_death":14965,"minecraft:walk_on_water_one_cm":759,"minecraft:total_world_time":14965,"minecraft:fall_one_cm":7284},"minecraft:crafted":{"minecraft:cooked_beef":3,"minecraft:shield":1,"minecraft:crafting_table":1,"minecraft:spruce_planks":24,"minecraft:stick":8,"minecraft:wooden_pickaxe":1,"minecraft:stone_pickaxe":1,"minecraft:stone_sword":1,"minecraft:air":0},"minecraft:mined":{"minecraft:large_fern":10,"minecraft:fire":1,"minecraft:spruce_log":6,"minecraft:crafting_table":1,"minecraft:grass_block":4,"minecraft:dirt":9,"minecraft:spruce_leaves":4,"minecraft:stone":19,"minecraft:sugar_cane":1,"minecraft:fern":2},"minecraft:dropped":{"minecraft:wheat_seeds":2,"minecraft:mutton":1,"minecraft:raw_iron":2,"minecraft:spruce_sapling":1},"minecraft:broken":{"minecraft:wooden_pickaxe":1},"minecraft:killed":{"minecraft:sheep":3,"minecraft:pig":1,"minecraft:cow":4}},"DataVersion":3955}