{"stats":{"minecraft:crafted":{"minecraft:golden_carrot":23,"minecraft:oak_planks":824,"minecraft:diamond_hoe":1,"minecraft:furnace":2,"minecraft:bone_meal":33,"minecraft:diamond_shovel":1,"minecraft:bookshelf":15,"minecraft:diamond_helmet":1,"minecraft:diamond_leggings":1,"minecraft:iron_boots":1,"minecraft:stone_pickaxe":3,"minecraft:chest":1,"minecraft:dark_oak_planks":144,"minecraft:wheat":234,"minecraft:diamond_sword":1,"minecraft:emerald":109,"minecraft:cooked_porkchop":17,"minecraft:diamond_axe":1,"minecraft:crafting_table":4,"minecraft:enchanting_table":1,"minecraft:wooden_pickaxe":1,"minecraft:jungle_planks":752,"minecraft:bucket":1,"minecraft:stone_axe":2,"minecraft:bread":124,"minecraft:air":0,"minecraft:iron_chestplate":1,"minecraft:book":24,"minecraft:paper":69,"minecraft:diamond_pickaxe":2,"minecraft:shield":1,"minecraft:gold_nugget":252,"minecraft:stick":3416,"minecraft:iron_ingot":22,"minecraft:iron_pickaxe":2,"minecraft:stone_sword":3,"minecraft:gold_ingot":26,"minecraft:white_bed":2,"minecraft:acacia_planks":128,"minecraft:torch":104,"minecraft:diamond_chestplate":1},"minecraft:broken":{"minecraft:stone_pickaxe":1,"minecraft:shield":1,"minecraft:iron_pickaxe":2},"minecraft:used":{"minecraft:stone_sword":30,"minecraft:diamond_hoe":389,"minecraft:chest":2,"minecraft:shield":54,"minecraft:cooked_chicken":2,"minecraft:rotten_flesh":1,"minecraft:torch":103,"minecraft:dirt":72,"minecraft:carrot":14,"minecraft:diamond_helmet":1,"minecraft:acacia_sapling":9,"minecraft:tuff":30,"minecraft:obsidian":1,"minecraft:bookshelf":12,"minecraft:bow":1,"minecraft:smooth_basalt":2,"minecraft:bamboo":13,"minecraft:golden_carrot":11,"minecraft:oak_sapling":34,"minecraft:furnace":4,"minecraft:egg":2,"minecraft:cooked_beef":5,"minecraft:potato":1,"minecraft:cobbled_deepslate":23,"minecraft:acacia_planks":2,"minecraft:wheat_seeds":10,"minecraft:water_bucket":40,"minecraft:oak_planks":25,"minecraft:stone_pickaxe":197,"minecraft:wooden_pickaxe":4,"minecraft:diamond_axe":654,"minecraft:golden_apple":1,"minecraft:golden_hoe":106,"minecraft:tnt":1,"minecraft:crafting_table":13,"minecraft:white_bed":4,"minecraft:smoker":1,"minecraft:oak_log":5,"minecraft:diamond_pickaxe":1133,"minecraft:apple":4,"minecraft:diamond_shovel":124,"minecraft:melon_slice":1,"minecraft:string":1,"minecraft:iron_pickaxe":501,"minecraft:suspicious_stew":2,"minecraft:bread":41,"minecraft:gravel":3,"minecraft:stone_axe":101,"minecraft:diamond_sword":127,"minecraft:cobblestone":5,"minecraft:grindstone":2,"minecraft:cooked_porkchop":17,"minecraft:bucket":41,"minecraft:bone_meal":33,"minecraft:diamond_leggings":4,"minecraft:coarse_dirt":1},"minecraft:mined":{"minecraft:large_amethyst_bud":1,"minecraft:tuff":86,"minecraft:oak_sapling":3,"minecraft:farmland":3,"minecraft:mossy_cobblestone":13,"minecraft:dark_oak_leaves":20,"minecraft:deepslate_diamond_ore":70,"minecraft:sculk_vein":11,"minecraft:jungle_leaves":11,"minecraft:dark_oak_log":36,"minecraft:obsidian":6,"minecraft:granite":7,"minecraft:budding_amethyst":3,"minecraft:acacia_log":32,"minecraft:grass_block":46,"minecraft:jungle_log":106,"minecraft:redstone_wire":5,"minecraft:spawner":1,"minecraft:hay_block":74,"minecraft:smooth_stone":8,"minecraft:furnace":1,"minecraft:carrots":9,"minecraft:iron_ore":18,"minecraft:sticky_piston":3,"minecraft:cobbled_deepslate":1,"minecraft:deepslate_lapis_ore":5,"minecraft:oak_stairs":2,"minecraft:sculk_shrieker":1,"minecraft:bookshelf":8,"minecraft:potatoes":3,"minecraft:flowering_azalea_leaves":1,"minecraft:dirt_path":6,"minecraft:deepslate_iron_ore":4,"minecraft:vine":10,"minecraft:stripped_oak_log":6,"minecraft:bamboo_sapling":1,"minecraft:bamboo":3,"minecraft:stone":124,"minecraft:tripwire":4,"minecraft:deepslate_redstone_ore":1,"minecraft:acacia_leaves":26,"minecraft:amethyst_cluster":6,"minecraft:melon_stem":1,"minecraft:smoker":1,"minecraft:crafting_table":9,"minecraft:short_grass":36,"minecraft:blast_furnace":1,"minecraft:emerald_ore":1,"minecraft:calcite":7,"minecraft:melon":1,"minecraft:chest":1,"minecraft:dead_bush":19,"minecraft:sculk_sensor":1,"minecraft:lectern":1,"minecraft:tall_grass":22,"minecraft:cobblestone":8,"minecraft:oak_planks":27,"minecraft:deepslate_gold_ore":25,"minecraft:grindstone":2,"minecraft:sugar_cane":26,"minecraft:sculk":165,"minecraft:diorite":1,"minecraft:wall_torch":8,"minecraft:amethyst_block":6,"minecraft:repeater":1,"minecraft:coarse_dirt":1,"minecraft:acacia_sapling":2,"minecraft:wheat":14,"minecraft:tnt":3,"minecraft:coal_ore":106,"minecraft:oak_log":243,"minecraft:gravel":3,"minecraft:dirt":21,"minecraft:sand":85,"minecraft:smooth_basalt":4,"minecraft:tripwire_hook":2,"minecraft:acacia_planks":1,"minecraft:stonecutter":1,"minecraft:dispenser":2,"minecraft:deepslate":1276,"minecraft:oak_leaves":463},"minecraft:custom":{"minecraft:mob_kills":99,"minecraft:interact_with_crafting_table":71,"minecraft:leave_game":5,"minecraft:time_since_death":290641,"minecraft:climb_one_cm":6098,"minecraft:sprint_one_cm":635864,"minecraft:walk_one_cm":967243,"minecraft:damage_blocked_by_shield":2447,"minecraft:drop":174,"minecraft:talked_to_villager":63,"minecraft:play_time":290641,"minecraft:sneak_time":6828,"minecraft:walk_under_water_one_cm":11676,"minecraft:jump":7639,"minecraft:interact_with_blast_furnace":3,"minecraft:walk_on_water_one_cm":28105,"minecraft:enchant_item":2,"minecraft:total_world_time":290641,"minecraft:interact_with_furnace":30,"minecraft:traded_with_villager":120,"minecraft:interact_with_grindstone":2,"minecraft:sleep_in_bed":7,"minecraft:time_since_rest":11514,"minecraft:damage_absorbed":20,"minecraft:damage_taken":3233,"minecraft:damage_dealt":16913,"minecraft:swim_one_cm":30201,"minecraft:fly_one_cm":1514576,"minecraft:open_chest":130,"minecraft:crouch_one_cm":15991,"minecraft:fall_one_cm":204511,"minecraft:inspect_dispenser":2},"minecraft:dropped":{"minecraft:bread":9,"minecraft:iron_ingot":4,"minecraft:porkchop":2,"minecraft:wheat_seeds":13,"minecraft:diamond_axe":1,"minecraft:lapis_lazuli":29,"minecraft:oak_log":40,"minecraft:diamond":27,"minecraft:bookshelf":3,"minecraft:dark_oak_sapling":1,"minecraft:cobblestone":95,"minecraft:amethyst_block":2,"minecraft:leather":2,"minecraft:granite":7,"minecraft:emerald":13,"minecraft:dirt":1,"minecraft:melon":3,"minecraft:diorite":1,"minecraft:oak_stairs":2,"minecraft:gold_nugget":10,"minecraft:stonecutter":1,"minecraft:sand":83,"minecraft:chainmail_leggings":2,"minecraft:string":1,"minecraft:redstone":4,"minecraft:smooth_basalt":2,"minecraft:bone":9,"minecraft:stone_axe":1,"minecraft:sugar_cane":15,"minecraft:cobbled_deepslate":121,"minecraft:stone_sword":5,"minecraft:wild_armor_trim_smithing_template":1,"minecraft:raw_copper":4,"minecraft:bowl":5,"minecraft:tuff":50,"minecraft:birch_sapling":2,"minecraft:rotten_flesh":9,"minecraft:oak_planks":34,"minecraft:shears":3,"minecraft:blast_furnace":1,"minecraft:poppy":2,"minecraft:potato":1,"minecraft:shield":1,"minecraft:gunpowder":1,"minecraft:diamond_pickaxe":3,"minecraft:oak_sapling":2,"minecraft:acacia_sapling":1,"minecraft:chainmail_boots":2,"minecraft:spider_eye":1,"minecraft:powered_rail":8,"minecraft:stone_pickaxe":2,"minecraft:wooden_pickaxe":3,"minecraft:calcite":7,"minecraft:oak_leaves":34,"minecraft:lectern":2,"minecraft:enchanting_table":1},"minecraft:picked_up":{"minecraft:cocoa_beans":3,"minecraft:crafting_table":10,"minecraft:coarse_dirt":1,"minecraft:wheat":12,"minecraft:chainmail_boots":2,"minecraft:chicken":3,"minecraft:wooden_pickaxe":3,"minecraft:oak_stairs":2,"minecraft:shield":2,"minecraft:amethyst_block":2,"minecraft:string":9,"minecraft:raw_copper":4,"minecraft:sticky_piston":3,"minecraft:beetroot":3,"minecraft:diamond_leggings":1,"minecraft:smooth_stone":8,"minecraft:cobbled_deepslate":851,"minecraft:beef":37,"minecraft:calcite":7,"minecraft:poppy":2,"minecraft:lectern":2,"minecraft:melon_slice":6,"minecraft:sugar_cane":132,"minecraft:chest":1,"minecraft:birch_sapling":2,"minecraft:furnace":2,"minecraft:egg":6,"minecraft:dark_oak_sapling":1,"minecraft:stick":56,"minecraft:raw_iron":22,"minecraft:torch":14,"minecraft:bowl":2,"minecraft:acacia_log":32,"minecraft:porkchop":14,"minecraft:cookie":64,"minecraft:diorite":1,"minecraft:carrot":40,"minecraft:redstone":11,"minecraft:tnt":3,"minecraft:stone_sword":2,"minecraft:arrow":9,"minecraft:rotten_flesh":10,"minecraft:shears":3,"minecraft:diamond_boots":1,"minecraft:hay_block":74,"minecraft:obsidian":6,"minecraft:mutton":6,"minecraft:white_wool":32,"minecraft:cobblestone":134,"minecraft:stripped_oak_log":6,"minecraft:feather":5,"minecraft:repeater":1,"minecraft:tripwire_hook":1,"minecraft:jungle_log":188,"minecraft:leather":46,"minecraft:smoker":1,"minecraft:potato":10,"minecraft:tuff":80,"minecraft:oak_log":245,"minecraft:gunpowder":7,"minecraft:lapis_lazuli":45,"minecraft:dirt":91,"minecraft:name_tag":1,"minecraft:bone":7,"minecraft:acacia_planks":1,"minecraft:apple":7,"minecraft:stonecutter":1,"minecraft:wheat_seeds":45,"minecraft:raw_gold":25,"minecraft:iron_ingot":6,"minecraft:grindstone":2,"minecraft:cooked_chicken":2,"minecraft:cobweb":1,"minecraft:acacia_sapling":9,"minecraft:bamboo":13,"minecraft:powered_rail":8,"minecraft:oak_planks":84,"minecraft:book":24,"minecraft:smooth_basalt":4,"minecraft:gravel":3,"minecraft:sand":83,"minecraft:amethyst_shard":26,"minecraft:melon":11,"minecraft:blast_furnace":1,"minecraft:white_bed":2,"minecraft:spider_eye":1,"minecraft:dark_oak_log":36,"minecraft:mossy_cobblestone":13,"minecraft:dispenser":2,"minecraft:diamond":70,"minecraft:chainmail_leggings":2,"minecraft:diamond_axe":1,"minecraft:granite":7,"minecraft:golden_apple":1,"minecraft:emerald":1,"minecraft:oak_sapling":55,"minecraft:coal":106,"minecraft:oak_leaves":34,"minecraft:diamond_pickaxe":2},"minecraft:killed":{"minecraft:spider":10,"minecraft:skeleton":3,"minecraft:horse":17,"minecraft:chicken":3,"minecraft:pig":6,"minecraft:iron_golem":1,"minecraft:creeper":5,"minecraft:sheep":6,"minecraft:zombie":25,"minecraft:donkey":3,"minecraft:cow":18,"minecraft:enderman":2}},"DataVersion":3955}