{"stats":{"minecraft:killed":{"minecraft:pig":5,"minecraft:creeper":1,"minecraft:sheep":5,"minecraft:zombie":5,"minecraft:chicken":3,"minecraft:cow":4},"minecraft:picked_up":{"minecraft:crafting_table":3,"minecraft:coarse_dirt":1,"minecraft:feather":5,"minecraft:chicken":3,"minecraft:leather":2,"minecraft:wooden_pickaxe":3,"minecraft:oak_log":16,"minecraft:shield":2,"minecraft:amethyst_block":2,"minecraft:dirt":17,"minecraft:raw_copper":4,"minecraft:name_tag":1,"minecraft:acacia_planks":1,"minecraft:wheat_seeds":1,"minecraft:cobbled_deepslate":104,"minecraft:iron_ingot":6,"minecraft:beef":8,"minecraft:cooked_chicken":2,"minecraft:cobweb":1,"minecraft:calcite":4,"minecraft:powered_rail":8,"minecraft:sugar_cane":4,"minecraft:birch_sapling":2,"minecraft:oak_planks":56,"minecraft:furnace":2,"minecraft:stick":17,"minecraft:raw_iron":18,"minecraft:smooth_basalt":2,"minecraft:torch":1,"minecraft:acacia_log":9,"minecraft:porkchop":12,"minecraft:amethyst_shard":12,"minecraft:diorite":1,"minecraft:white_bed":1,"minecraft:stone_sword":2,"minecraft:rotten_flesh":1,"minecraft:diamond":1,"minecraft:shears":3,"minecraft:granite":7,"minecraft:golden_apple":1,"minecraft:oak_sapling":1,"minecraft:mutton":6,"minecraft:coal":62,"minecraft:white_wool":15,"minecraft:cobblestone":117},"minecraft:broken":{"minecraft:iron_pickaxe":1},"minecraft:custom":{"minecraft:interact_with_furnace":20,"minecraft:mob_kills":23,"minecraft:interact_with_crafting_table":20,"minecraft:leave_game":1,"minecraft:time_since_death":53711,"minecraft:sleep_in_bed":2,"minecraft:climb_one_cm":1680,"minecraft:time_since_rest":24526,"minecraft:sprint_one_cm":114033,"minecraft:damage_absorbed":20,"minecraft:damage_taken":785,"minecraft:walk_one_cm":208974,"minecraft:damage_blocked_by_shield":653,"minecraft:drop":53,"minecraft:damage_dealt":2765,"minecraft:swim_one_cm":8052,"minecraft:talked_to_villager":2,"minecraft:fly_one_cm":268063,"minecraft:open_chest":5,"minecraft:play_time":53711,"minecraft:crouch_one_cm":3276,"minecraft:sneak_time":1087,"minecraft:walk_under_water_one_cm":765,"minecraft:jump":1506,"minecraft:walk_on_water_one_cm":7338,"minecraft:total_world_time":53711,"minecraft:fall_one_cm":45144},"minecraft:used":{"minecraft:water_bucket":4,"minecraft:stone_sword":28,"minecraft:stone_pickaxe":76,"minecraft:oak_planks":11,"minecraft:wooden_pickaxe":4,"minecraft:shield":10,"minecraft:cooked_chicken":2,"minecraft:rotten_flesh":1,"minecraft:torch":18,"minecraft:golden_apple":1,"minecraft:golden_hoe":102,"minecraft:dirt":16,"minecraft:crafting_table":6,"minecraft:white_bed":2,"minecraft:iron_pickaxe":250,"minecraft:stone_axe":38,"minecraft:furnace":3,"minecraft:cooked_porkchop":10,"minecraft:bucket":5,"minecraft:coarse_dirt":1,"minecraft:acacia_planks":2},"minecraft:dropped":{"minecraft:iron_ingot":4,"minecraft:stone_axe":1,"minecraft:wheat_seeds":1,"minecraft:stone_sword":4,"minecraft:raw_copper":4,"minecraft:birch_sapling":2,"minecraft:cobblestone":7,"minecraft:oak_planks":32,"minecraft:amethyst_block":2,"minecraft:shears":3,"minecraft:dirt":1,"minecraft:shield":1,"minecraft:diorite":1,"minecraft:oak_sapling":1,"minecraft:gold_nugget":6,"minecraft:powered_rail":8,"minecraft:wooden_pickaxe":3,"minecraft:stone_pickaxe":2,"minecraft:calcite":4,"minecraft:smooth_basalt":2},"minecraft:crafted":{"minecraft:oak_planks":64,"minecraft:cooked_porkchop":17,"minecraft:crafting_table":4,"minecraft:wooden_pickaxe":1,"minecraft:furnace":2,"minecraft:bucket":1,"minecraft:stone_axe":2,"minecraft:air":0,"minecraft:iron_boots":1,"minecraft:iron_chestplate":1,"minecraft:stick":40,"minecraft:iron_ingot":18,"minecraft:iron_pickaxe":1,"minecraft:stone_pickaxe":3,"minecraft:stone_sword":3,"minecraft:gold_ingot":1,"minecraft:white_bed":1,"minecraft:acacia_planks":36,"minecraft:torch":104},"minecraft:mined":{"minecraft:acacia_leaves":2,"minecraft:deepslate_diamond_ore":1,"minecraft:sculk_vein":8,"minecraft:amethyst_cluster":3,"minecraft:crafting_table":2,"minecraft:granite":7,"minecraft:budding_amethyst":1,"minecraft:short_grass":6,"minecraft:acacia_log":9,"minecraft:grass_block":11,"minecraft:calcite":4,"minecraft:dead_bush":19,"minecraft:tall_grass":1,"minecraft:sculk":109,"minecraft:sugar_cane":2,"minecraft:diorite":1,"minecraft:wall_torch":1,"minecraft:amethyst_block":3,"minecraft:coarse_dirt":1,"minecraft:furnace":1,"minecraft:iron_ore":18,"minecraft:oak_log":17,"minecraft:coal_ore":62,"minecraft:dirt":6,"minecraft:smooth_basalt":2,"minecraft:acacia_planks":1,"minecraft:stone":119,"minecraft:deepslate":106,"minecraft:oak_leaves":6}},"DataVersion":3955}