{"stats":{"minecraft:killed_by":{"minecraft:zombie":2},"minecraft:crafted":{"minecraft:oak_planks":20,"minecraft:crafting_table":2,"minecraft:wooden_pickaxe":1,"minecraft:iron_sword":1,"minecraft:furnace":1,"minecraft:bucket":1,"minecraft:air":0,"minecraft:oak_boat":1,"minecraft:shield":1,"minecraft:stick":4,"minecraft:iron_ingot":13,"minecraft:iron_pickaxe":1,"minecraft:stone_pickaxe":1,"minecraft:stone_sword":1},"minecraft:used":{"minecraft:water_bucket":5,"minecraft:diorite":8,"minecraft:red_sand":2,"minecraft:stone_sword":15,"minecraft:stone_pickaxe":62,"minecraft:oak_planks":7,"minecraft:cactus":3,"minecraft:wooden_pickaxe":20,"minecraft:iron_sword":3,"minecraft:rotten_flesh":3,"minecraft:torch":10,"minecraft:sand":4,"minecraft:crafting_table":2,"minecraft:dark_oak_planks":1,"minecraft:bread":1,"minecraft:iron_pickaxe":88,"minecraft:furnace":1,"minecraft:andesite":1,"minecraft:bucket":5,"minecraft:oak_boat":1},"minecraft:mined":{"minecraft:dark_oak_planks":1,"minecraft:red_sand":1,"minecraft:dead_bush":25,"minecraft:lapis_ore":2,"minecraft:sugar_cane":17,"minecraft:oak_planks":1,"minecraft:diorite":8,"minecraft:redstone_ore":5,"minecraft:iron_ore":57,"minecraft:andesite":1,"minecraft:oak_log":9,"minecraft:coal_ore":20,"minecraft:deepslate_iron_ore":15,"minecraft:sand":6,"minecraft:cobweb":4,"minecraft:stone":34,"minecraft:oak_leaves":2,"minecraft:deepslate":13},"minecraft:dropped":{"minecraft:sugar_cane":35,"minecraft:oak_log":6,"minecraft:stone_sword":1,"minecraft:stick":60,"minecraft:rabbit_hide":1,"minecraft:ink_sac":3,"minecraft:sand":2,"minecraft:arrow":1,"minecraft:red_sand":1,"minecraft:stone_pickaxe":1,"minecraft:wooden_pickaxe":2,"minecraft:cactus":14,"minecraft:string":4,"minecraft:bone":1},"minecraft:custom":{"minecraft:interact_with_furnace":9,"minecraft:mob_kills":7,"minecraft:interact_with_crafting_table":11,"minecraft:time_since_death":12489,"minecraft:time_since_rest":12602,"minecraft:sprint_one_cm":108847,"minecraft:damage_taken":800,"minecraft:walk_one_cm":222959,"minecraft:drop":21,"minecraft:damage_dealt":1560,"minecraft:swim_one_cm":34483,"minecraft:fly_one_cm":269447,"minecraft:crouch_one_cm":2382,"minecraft:deaths":3,"minecraft:play_time":58431,"minecraft:sneak_time":2445,"minecraft:walk_under_water_one_cm":18090,"minecraft:boat_one_cm":14502,"minecraft:jump":1559,"minecraft:walk_on_water_one_cm":25266,"minecraft:total_world_time":58431,"minecraft:fall_one_cm":37588},"minecraft:picked_up":{"minecraft:wooden_axe":1,"minecraft:andesite":1,"minecraft:wooden_pickaxe":3,"minecraft:oak_log":11,"minecraft:lapis_lazuli":13,"minecraft:string":16,"minecraft:name_tag":1,"minecraft:bone":2,"minecraft:red_sand":3,"minecraft:cobbled_deepslate":11,"minecraft:rabbit_hide":2,"minecraft:stone_pickaxe":3,"minecraft:oak_boat":2,"minecraft:sugar_cane":225,"minecraft:oak_planks":15,"minecraft:stick":190,"minecraft:raw_iron":68,"minecraft:torch":18,"minecraft:sand":6,"minecraft:ink_sac":6,"minecraft:diorite":8,"minecraft:redstone":22,"minecraft:dark_oak_planks":1,"minecraft:stone_sword":2,"minecraft:arrow":2,"minecraft:cactus":20,"minecraft:rotten_flesh":3,"minecraft:armadillo_scute":2,"minecraft:oak_sapling":3,"minecraft:coal":20,"minecraft:cobblestone":33},"minecraft:killed":{"minecraft:husk":1,"minecraft:spider":1,"minecraft:bat":1,"minecraft:zombie":1,"minecraft:enderman":1}},"DataVersion":3955}