{"stats":{"minecraft:picked_up":{"minecraft:coarse_dirt":1,"minecraft:stick":15,"minecraft:crafting_table":1,"minecraft:wooden_pickaxe":3,"minecraft:oak_log":16,"minecraft:shield":2,"minecraft:name_tag":1,"minecraft:rotten_flesh":1,"minecraft:shears":1,"minecraft:iron_ingot":2,"minecraft:cobweb":1,"minecraft:oak_sapling":1,"minecraft:powered_rail":8,"minecraft:oak_planks":31,"minecraft:cobblestone":34},"minecraft:custom":{"minecraft:time_since_rest":13086,"minecraft:sprint_one_cm":29269,"minecraft:damage_taken":110,"minecraft:walk_one_cm":51635,"minecraft:drop":28,"minecraft:damage_dealt":66,"minecraft:swim_one_cm":4547,"minecraft:interact_with_crafting_table":9,"minecraft:fly_one_cm":58157,"minecraft:open_chest":3,"minecraft:play_time":13086,"minecraft:walk_under_water_one_cm":575,"minecraft:jump":331,"minecraft:walk_on_water_one_cm":2051,"minecraft:time_since_death":13086,"minecraft:total_world_time":13086,"minecraft:fall_one_cm":11761},"minecraft:used":{"minecraft:stone_pickaxe":30,"minecraft:wooden_pickaxe":4,"minecraft:rotten_flesh":1,"minecraft:crafting_table":2,"minecraft:coarse_dirt":1},"minecraft:dropped":{"minecraft:iron_ingot":4,"minecraft:stone_axe":1,"minecraft:shield":1,"minecraft:stone_sword":1,"minecraft:oak_sapling":1,"minecraft:cobblestone":7,"minecraft:oak_planks":32,"minecraft:powered_rail":8,"minecraft:stone_pickaxe":1,"minecraft:wooden_pickaxe":3},"minecraft:crafted":{"minecraft:oak_planks":64,"minecraft:crafting_table":1,"minecraft:stick":24,"minecraft:wooden_pickaxe":1,"minecraft:stone_pickaxe":2,"minecraft:stone_sword":3,"minecraft:stone_axe":2},"minecraft:mined":{"minecraft:coarse_dirt":1,"minecraft:oak_log":17,"minecraft:dead_bush":17,"minecraft:stone":34,"minecraft:oak_leaves":6}},"DataVersion":3955}