{"stats":{"minecraft:killed":{"minecraft:chicken":3,"minecraft:pig":5,"minecraft:creeper":1,"minecraft:sheep":5,"minecraft:zombie":12,"minecraft:cow":4},"minecraft:picked_up":{"minecraft:coarse_dirt":1,"minecraft:crafting_table":8,"minecraft:chicken":3,"minecraft:wooden_pickaxe":3,"minecraft:shield":2,"minecraft:amethyst_block":2,"minecraft:raw_copper":4,"minecraft:cobbled_deepslate":446,"minecraft:beef":8,"minecraft:calcite":4,"minecraft:sugar_cane":4,"minecraft:birch_sapling":2,"minecraft:furnace":2,"minecraft:stick":17,"minecraft:raw_iron":18,"minecraft:torch":5,"minecraft:acacia_log":9,"minecraft:porkchop":12,"minecraft:diorite":1,"minecraft:redstone":4,"minecraft:stone_sword":2,"minecraft:rotten_flesh":1,"minecraft:shears":3,"minecraft:mutton":6,"minecraft:obsidian":5,"minecraft:white_wool":15,"minecraft:cobblestone":118,"minecraft:feather":5,"minecraft:leather":2,"minecraft:tuff":22,"minecraft:oak_log":16,"minecraft:lapis_lazuli":32,"minecraft:dirt":17,"minecraft:name_tag":1,"minecraft:acacia_planks":1,"minecraft:wheat_seeds":1,"minecraft:raw_gold":3,"minecraft:iron_ingot":6,"minecraft:cooked_chicken":2,"minecraft:cobweb":1,"minecraft:powered_rail":8,"minecraft:oak_planks":57,"minecraft:smooth_basalt":2,"minecraft:gravel":3,"minecraft:amethyst_shard":12,"minecraft:white_bed":1,"minecraft:diamond":32,"minecraft:granite":7,"minecraft:golden_apple":1,"minecraft:oak_sapling":1,"minecraft:coal":62},"minecraft:broken":{"minecraft:stone_pickaxe":1,"minecraft:iron_pickaxe":2},"minecraft:custom":{"minecraft:mob_kills":30,"minecraft:interact_with_crafting_table":27,"minecraft:leave_game":2,"minecraft:time_since_death":77626,"minecraft:climb_one_cm":1680,"minecraft:sprint_one_cm":137724,"minecraft:walk_one_cm":266091,"minecraft:damage_blocked_by_shield":1029,"minecraft:drop":86,"minecraft:talked_to_villager":2,"minecraft:play_time":77626,"minecraft:sneak_time":3128,"minecraft:walk_under_water_one_cm":1922,"minecraft:jump":1774,"minecraft:walk_on_water_one_cm":8591,"minecraft:total_world_time":77626,"minecraft:interact_with_furnace":20,"minecraft:sleep_in_bed":2,"minecraft:time_since_rest":48441,"minecraft:damage_taken":1148,"minecraft:damage_absorbed":20,"minecraft:damage_dealt":4314,"minecraft:swim_one_cm":8052,"minecraft:fly_one_cm":292672,"minecraft:open_chest":5,"minecraft:crouch_one_cm":5158,"minecraft:fall_one_cm":46667},"minecraft:used":{"minecraft:stone_sword":30,"minecraft:shield":35,"minecraft:cooked_chicken":2,"minecraft:rotten_flesh":1,"minecraft:torch":44,"minecraft:dirt":16,"minecraft:diamond_helmet":1,"minecraft:tuff":4,"minecraft:furnace":3,"minecraft:acacia_planks":2,"minecraft:cobbled_deepslate":5,"minecraft:water_bucket":13,"minecraft:stone_pickaxe":197,"minecraft:oak_planks":11,"minecraft:wooden_pickaxe":4,"minecraft:golden_apple":1,"minecraft:golden_hoe":102,"minecraft:crafting_table":11,"minecraft:white_bed":2,"minecraft:diamond_pickaxe":68,"minecraft:iron_pickaxe":501,"minecraft:gravel":3,"minecraft:stone_axe":43,"minecraft:diamond_sword":20,"minecraft:cooked_porkchop":14,"minecraft:bucket":14,"minecraft:coarse_dirt":1,"minecraft:diamond_leggings":1},"minecraft:dropped":{"minecraft:iron_ingot":4,"minecraft:wheat_seeds":1,"minecraft:cobblestone":20,"minecraft:amethyst_block":2,"minecraft:leather":2,"minecraft:granite":7,"minecraft:dirt":1,"minecraft:diorite":1,"minecraft:gold_nugget":6,"minecraft:smooth_basalt":2,"minecraft:redstone":4,"minecraft:stone_axe":1,"minecraft:stone_sword":5,"minecraft:cobbled_deepslate":53,"minecraft:raw_copper":4,"minecraft:tuff":18,"minecraft:birch_sapling":2,"minecraft:oak_planks":34,"minecraft:shears":3,"minecraft:potato":1,"minecraft:shield":1,"minecraft:oak_sapling":1,"minecraft:wooden_pickaxe":3,"minecraft:powered_rail":8,"minecraft:stone_pickaxe":2,"minecraft:calcite":4},"minecraft:crafted":{"minecraft:oak_planks":64,"minecraft:furnace":2,"minecraft:diamond_helmet":1,"minecraft:diamond_leggings":1,"minecraft:iron_boots":1,"minecraft:stone_pickaxe":3,"minecraft:diamond_sword":1,"minecraft:cooked_porkchop":17,"minecraft:crafting_table":4,"minecraft:wooden_pickaxe":1,"minecraft:bucket":1,"minecraft:stone_axe":2,"minecraft:air":0,"minecraft:iron_chestplate":1,"minecraft:diamond_pickaxe":1,"minecraft:stick":40,"minecraft:iron_ingot":18,"minecraft:iron_pickaxe":2,"minecraft:stone_sword":3,"minecraft:gold_ingot":1,"minecraft:white_bed":1,"minecraft:acacia_planks":36,"minecraft:torch":104},"minecraft:mined":{"minecraft:tuff":20,"minecraft:deepslate_diamond_ore":32,"minecraft:sculk_vein":8,"minecraft:obsidian":5,"minecraft:granite":7,"minecraft:budding_amethyst":1,"minecraft:acacia_log":9,"minecraft:grass_block":11,"minecraft:furnace":1,"minecraft:iron_ore":18,"minecraft:cobbled_deepslate":1,"minecraft:deepslate_lapis_ore":5,"minecraft:stone":119,"minecraft:deepslate_redstone_ore":1,"minecraft:acacia_leaves":2,"minecraft:amethyst_cluster":3,"minecraft:crafting_table":7,"minecraft:short_grass":6,"minecraft:calcite":4,"minecraft:dead_bush":19,"minecraft:tall_grass":1,"minecraft:cobblestone":1,"minecraft:deepslate_gold_ore":3,"minecraft:sugar_cane":2,"minecraft:sculk":109,"minecraft:diorite":1,"minecraft:wall_torch":3,"minecraft:amethyst_block":3,"minecraft:coarse_dirt":1,"minecraft:oak_log":17,"minecraft:coal_ore":62,"minecraft:gravel":1,"minecraft:dirt":6,"minecraft:smooth_basalt":2,"minecraft:acacia_planks":1,"minecraft:oak_leaves":6,"minecraft:deepslate":477}},"DataVersion":3955}