{"stats":{"minecraft:killed":{"minecraft:pig":5,"minecraft:sheep":5,"minecraft:chicken":3,"minecraft:cow":4},"minecraft:picked_up":{"minecraft:crafting_table":1,"minecraft:coarse_dirt":1,"minecraft:feather":5,"minecraft:chicken":3,"minecraft:leather":2,"minecraft:wooden_pickaxe":3,"minecraft:oak_log":16,"minecraft:shield":2,"minecraft:name_tag":1,"minecraft:acacia_planks":1,"minecraft:wheat_seeds":1,"minecraft:iron_ingot":2,"minecraft:beef":8,"minecraft:cooked_chicken":2,"minecraft:cobweb":1,"minecraft:powered_rail":8,"minecraft:sugar_cane":4,"minecraft:oak_planks":56,"minecraft:furnace":1,"minecraft:stick":17,"minecraft:acacia_log":9,"minecraft:porkchop":12,"minecraft:stone_sword":2,"minecraft:rotten_flesh":1,"minecraft:shears":1,"minecraft:golden_apple":1,"minecraft:oak_sapling":1,"minecraft:mutton":6,"minecraft:white_wool":15,"minecraft:cobblestone":69},"minecraft:custom":{"minecraft:interact_with_furnace":11,"minecraft:mob_kills":17,"minecraft:interact_with_crafting_table":14,"minecraft:time_since_death":25086,"minecraft:time_since_rest":25086,"minecraft:sprint_one_cm":60834,"minecraft:walk_one_cm":97204,"minecraft:damage_taken":200,"minecraft:damage_absorbed":20,"minecraft:drop":34,"minecraft:damage_dealt":1693,"minecraft:swim_one_cm":8052,"minecraft:fly_one_cm":173517,"minecraft:open_chest":3,"minecraft:crouch_one_cm":464,"minecraft:play_time":25086,"minecraft:sneak_time":102,"minecraft:walk_under_water_one_cm":718,"minecraft:jump":816,"minecraft:walk_on_water_one_cm":3736,"minecraft:total_world_time":25086,"minecraft:fall_one_cm":24591},"minecraft:used":{"minecraft:stone_sword":11,"minecraft:stone_pickaxe":66,"minecraft:oak_planks":10,"minecraft:wooden_pickaxe":4,"minecraft:cooked_chicken":2,"minecraft:rotten_flesh":1,"minecraft:golden_apple":1,"minecraft:crafting_table":4,"minecraft:white_bed":1,"minecraft:stone_axe":34,"minecraft:cooked_porkchop":2,"minecraft:furnace":2,"minecraft:acacia_planks":1,"minecraft:coarse_dirt":1},"minecraft:dropped":{"minecraft:iron_ingot":4,"minecraft:stone_axe":1,"minecraft:wheat_seeds":1,"minecraft:stone_sword":4,"minecraft:cobblestone":7,"minecraft:oak_planks":32,"minecraft:shears":1,"minecraft:shield":1,"minecraft:oak_sapling":1,"minecraft:gold_nugget":6,"minecraft:powered_rail":8,"minecraft:stone_pickaxe":1,"minecraft:wooden_pickaxe":3},"minecraft:crafted":{"minecraft:oak_planks":64,"minecraft:cooked_porkchop":11,"minecraft:crafting_table":3,"minecraft:wooden_pickaxe":1,"minecraft:furnace":1,"minecraft:stone_axe":2,"minecraft:air":0,"minecraft:stick":24,"minecraft:stone_pickaxe":2,"minecraft:stone_sword":3,"minecraft:gold_ingot":1,"minecraft:white_bed":1,"minecraft:acacia_planks":36},"minecraft:mined":{"minecraft:acacia_leaves":2,"minecraft:short_grass":6,"minecraft:acacia_log":9,"minecraft:dead_bush":19,"minecraft:tall_grass":1,"minecraft:sugar_cane":2,"minecraft:coarse_dirt":1,"minecraft:oak_log":17,"minecraft:acacia_planks":1,"minecraft:stone":70,"minecraft:oak_leaves":6}},"DataVersion":3955}