{"stats":{"minecraft:crafted":{"minecraft:oak_planks":24,"minecraft:crafting_table":1,"minecraft:oak_boat":1,"minecraft:wooden_axe":1},"minecraft:killed_by":{"minecraft:husk":1,"minecraft:skeleton":1,"minecraft:spider":3},"minecraft:mined":{"minecraft:crafting_table":2,"minecraft:glow_lichen":1,"minecraft:red_sand":5,"minecraft:tube_coral_wall_fan":1,"minecraft:short_grass":1,"minecraft:dead_bush":58,"minecraft:sugar_cane":47,"minecraft:seagrass":1,"minecraft:cactus":9,"minecraft:bubble_coral":1,"minecraft:sea_pickle":1,"minecraft:oak_log":2,"minecraft:sand":7,"minecraft:bubble_coral_wall_fan":1,"minecraft:brain_coral_wall_fan":2},"minecraft:used":{"minecraft:red_sand":17,"minecraft:rabbit":1,"minecraft:tropical_fish":1,"minecraft:cactus":6,"minecraft:sand":9,"minecraft:crafting_table":2,"minecraft:spider_eye":1,"minecraft:wooden_axe":3,"minecraft:oak_boat":1,"minecraft:sea_pickle":2,"minecraft:orange_terracotta":7},"minecraft:custom":{"minecraft:mob_kills":11,"minecraft:interact_with_crafting_table":3,"minecraft:leave_game":6,"minecraft:time_since_death":17255,"minecraft:time_since_rest":18825,"minecraft:sprint_one_cm":100686,"minecraft:damage_taken":1690,"minecraft:walk_one_cm":88946,"minecraft:drop":21,"minecraft:damage_dealt":1469,"minecraft:swim_one_cm":28035,"minecraft:fly_one_cm":186020,"minecraft:crouch_one_cm":3961,"minecraft:play_time":43440,"minecraft:deaths":6,"minecraft:sneak_time":1200,"minecraft:walk_under_water_one_cm":7170,"minecraft:boat_one_cm":49502,"minecraft:jump":901,"minecraft:walk_on_water_one_cm":11068,"minecraft:total_world_time":43440,"minecraft:fall_one_cm":16001},"minecraft:dropped":{"minecraft:sugar_cane":24,"minecraft:stone_sword":1,"minecraft:rotten_flesh":1,"minecraft:name_tag":1,"minecraft:stick":46,"minecraft:rabbit_hide":1,"minecraft:sea_pickle":1,"minecraft:oak_boat":1,"minecraft:armadillo_scute":1,"minecraft:wooden_pickaxe":1,"minecraft:red_sand":1,"minecraft:arrow":1,"minecraft:stone_pickaxe":1,"minecraft:cactus":6,"minecraft:string":2,"minecraft:bone":1},"minecraft:picked_up":{"minecraft:crafting_table":2,"minecraft:wooden_pickaxe":1,"minecraft:oak_log":6,"minecraft:string":14,"minecraft:name_tag":1,"minecraft:orange_terracotta":7,"minecraft:bone":2,"minecraft:sea_pickle":3,"minecraft:red_sand":18,"minecraft:rabbit_hide":2,"minecraft:stone_pickaxe":1,"minecraft:oak_boat":2,"minecraft:rabbit":1,"minecraft:sugar_cane":264,"minecraft:oak_planks":2,"minecraft:stick":191,"minecraft:torch":18,"minecraft:sand":13,"minecraft:ink_sac":9,"minecraft:spider_eye":2,"minecraft:cactus":54,"minecraft:stone_sword":1,"minecraft:arrow":3,"minecraft:rotten_flesh":1,"minecraft:tropical_fish":1,"minecraft:armadillo_scute":1},"minecraft:killed":{"minecraft:husk":1,"minecraft:rabbit":1,"minecraft:spider":6,"minecraft:squid":1,"minecraft:zombie":1,"minecraft:tropical_fish":1}},"DataVersion":3955}