{"stats":{"minecraft:killed":{"minecraft:zombie":1},"minecraft:picked_up":{"minecraft:stick":6,"minecraft:crafting_table":2,"minecraft:oak_log":13,"minecraft:shield":1,"minecraft:stone_sword":1,"minecraft:rotten_flesh":2,"minecraft:stone_axe":1,"minecraft:iron_ingot":2,"minecraft:stone_pickaxe":1,"minecraft:cobweb":1,"minecraft:oak_planks":32,"minecraft:cobblestone":7},"minecraft:custom":{"minecraft:time_since_rest":6365,"minecraft:sprint_one_cm":59982,"minecraft:damage_taken":266,"minecraft:walk_one_cm":28877,"minecraft:damage_blocked_by_shield":90,"minecraft:mob_kills":1,"minecraft:drop":6,"minecraft:damage_dealt":245,"minecraft:swim_one_cm":8861,"minecraft:interact_with_crafting_table":2,"minecraft:fly_one_cm":96888,"minecraft:open_chest":2,"minecraft:crouch_one_cm":471,"minecraft:play_time":12530,"minecraft:deaths":1,"minecraft:sneak_time":121,"minecraft:walk_under_water_one_cm":1685,"minecraft:jump":421,"minecraft:walk_on_water_one_cm":3583,"minecraft:time_since_death":6337,"minecraft:total_world_time":12530,"minecraft:fall_one_cm":12827},"minecraft:dropped":{"minecraft:shield":1,"minecraft:rotten_flesh":1,"minecraft:oak_planks":31,"minecraft:powered_rail":8,"minecraft:stick":6},"minecraft:used":{"minecraft:stone_sword":3,"minecraft:bread":1,"minecraft:shield":4,"minecraft:rotten_flesh":1,"minecraft:crafting_table":2,"minecraft:shears":1},"minecraft:crafted":{"minecraft:oak_planks":52,"minecraft:shield":2,"minecraft:crafting_table":1,"minecraft:stick":4,"minecraft:wooden_pickaxe":1,"minecraft:shears":1},"minecraft:mined":{"minecraft:crafting_table":2,"minecraft:oak_log":12,"minecraft:dead_bush":10,"minecraft:cobweb":1}},"DataVersion":3955}