{"stats":{"minecraft:killed":{"minecraft:spider":4,"minecraft:horse":5,"minecraft:skeleton":8,"minecraft:chicken":2,"minecraft:pig":15,"minecraft:iron_golem":12,"minecraft:creeper":3,"minecraft:sheep":10,"minecraft:zombie":16,"minecraft:donkey":2,"minecraft:cow":9},"minecraft:picked_up":{"minecraft:crafting_table":4,"minecraft:chainmail_boots":4,"minecraft:chicken":2,"minecraft:brewing_stand":3,"minecraft:shield":2,"minecraft:string":4,"minecraft:iron_shovel":1,"minecraft:gold_nugget":6,"minecraft:beef":23,"minecraft:poppy":18,"minecraft:light_gray_wool":2,"minecraft:enchanted_golden_apple":1,"minecraft:birch_sapling":2,"minecraft:furnace":8,"minecraft:iron_boots":9,"minecraft:egg":1,"minecraft:stick":45,"minecraft:composter":1,"minecraft:oak_fence":2,"minecraft:acacia_log":34,"minecraft:porkchop":39,"minecraft:stone_sword":2,"minecraft:arrow":11,"minecraft:rotten_flesh":29,"minecraft:shears":2,"minecraft:mutton":18,"minecraft:white_wool":6,"minecraft:cobblestone":112,"minecraft:birch_log":54,"minecraft:cooked_beef":15,"minecraft:leather":24,"minecraft:red_mushroom":5,"minecraft:birch_planks":26,"minecraft:flint":4,"minecraft:oak_log":704,"minecraft:yellow_bed":4,"minecraft:gunpowder":3,"minecraft:dirt":490,"minecraft:cooked_mutton":14,"minecraft:bone":13,"minecraft:apple":10,"minecraft:bow":1,"minecraft:wheat_seeds":27,"minecraft:iron_ingot":53,"minecraft:stone_pickaxe":4,"minecraft:cobweb":1,"minecraft:fletching_table":2,"minecraft:oak_planks":85,"minecraft:cooked_porkchop":14,"minecraft:gravel":61,"minecraft:blast_furnace":2,"minecraft:white_bed":5,"minecraft:diamond":27,"minecraft:stone_axe":2,"minecraft:chainmail_leggings":28,"minecraft:gray_wool":1,"minecraft:oak_sapling":85,"minecraft:coal":33},"minecraft:broken":{"minecraft:iron_shovel":1,"minecraft:stone_sword":1,"minecraft:iron_axe":3},"minecraft:custom":{"minecraft:mob_kills":86,"minecraft:interact_with_crafting_table":32,"minecraft:leave_game":2,"minecraft:time_since_death":79398,"minecraft:sprint_one_cm":400790,"minecraft:walk_one_cm":306662,"minecraft:damage_blocked_by_shield":2594,"minecraft:drop":105,"minecraft:talked_to_villager":47,"minecraft:play_time":122467,"minecraft:deaths":2,"minecraft:sneak_time":5268,"minecraft:walk_under_water_one_cm":1685,"minecraft:jump":2783,"minecraft:walk_on_water_one_cm":3912,"minecraft:total_world_time":122467,"minecraft:interact_with_furnace":84,"minecraft:traded_with_villager":180,"minecraft:sleep_in_bed":5,"minecraft:time_since_rest":58609,"minecraft:damage_taken":1905,"minecraft:damage_dealt":22254,"minecraft:swim_one_cm":10336,"minecraft:fly_one_cm":548495,"minecraft:open_chest":53,"minecraft:crouch_one_cm":10379,"minecraft:fall_one_cm":51452},"minecraft:dropped":{"minecraft:iron_ingot":3,"minecraft:wheat_seeds":3,"minecraft:cooked_beef":1,"minecraft:diamond_leggings":1,"minecraft:golden_apple":1,"minecraft:stick":6,"minecraft:gray_wool":1,"minecraft:gold_nugget":6,"minecraft:chainmail_leggings":51,"minecraft:furnace":1,"minecraft:cooked_chicken":2,"minecraft:stone_sword":1,"minecraft:rotten_flesh":16,"minecraft:light_gray_wool":2,"minecraft:oak_planks":56,"minecraft:iron_boots":17,"minecraft:white_bed":1,"minecraft:poppy":3,"minecraft:shield":1,"minecraft:gunpowder":1,"minecraft:oak_sapling":1,"minecraft:chainmail_boots":6,"minecraft:powered_rail":8},"minecraft:used":{"minecraft:oak_fence":2,"minecraft:stone_sword":139,"minecraft:iron_shovel":251,"minecraft:chest":2,"minecraft:shield":45,"minecraft:iron_sword":233,"minecraft:cooked_chicken":2,"minecraft:rotten_flesh":1,"minecraft:torch":8,"minecraft:brewing_stand":2,"minecraft:dirt":332,"minecraft:mutton":2,"minecraft:iron_axe":744,"minecraft:birch_sapling":1,"minecraft:oak_sapling":62,"minecraft:furnace":6,"minecraft:cooked_beef":2,"minecraft:cooked_mutton":4,"minecraft:birch_planks":1,"minecraft:stone_pickaxe":54,"minecraft:oak_planks":126,"minecraft:composter":1,"minecraft:fletching_table":4,"minecraft:crafting_table":6,"minecraft:blast_furnace":3,"minecraft:white_bed":6,"minecraft:shears":1,"minecraft:oak_log":4,"minecraft:bread":1,"minecraft:stone_axe":64,"minecraft:cooked_porkchop":19,"minecraft:yellow_bed":4,"minecraft:chainmail_leggings":1},"minecraft:crafted":{"minecraft:oak_planks":2424,"minecraft:smooth_stone":3,"minecraft:cooked_chicken":4,"minecraft:furnace":3,"minecraft:blast_furnace":1,"minecraft:stone":3,"minecraft:cooked_mutton":20,"minecraft:diamond_leggings":2,"minecraft:iron_boots":9,"minecraft:iron_axe":3,"minecraft:chest":2,"minecraft:chainmail_leggings":24,"minecraft:cooked_beef":23,"minecraft:arrow":192,"minecraft:emerald":128,"minecraft:cooked_porkchop":24,"minecraft:crafting_table":3,"minecraft:wooden_pickaxe":1,"minecraft:iron_helmet":1,"minecraft:iron_sword":1,"minecraft:fletching_table":2,"minecraft:birch_planks":216,"minecraft:air":0,"minecraft:iron_chestplate":1,"minecraft:shield":2,"minecraft:stick":5088,"minecraft:chainmail_boots":4,"minecraft:iron_shovel":1,"minecraft:white_bed":2,"minecraft:acacia_planks":68,"minecraft:torch":8,"minecraft:shears":1},"minecraft:mined":{"minecraft:white_bed":5,"minecraft:brewing_stand":3,"minecraft:acacia_log":17,"minecraft:grass_block":126,"minecraft:composter":1,"minecraft:furnace":5,"minecraft:fletching_table":2,"minecraft:dirt_path":76,"minecraft:stone":25,"minecraft:oak_fence":2,"minecraft:crafting_table":4,"minecraft:short_grass":148,"minecraft:blast_furnace":2,"minecraft:dead_bush":10,"minecraft:tall_grass":11,"minecraft:oak_planks":29,"minecraft:birch_planks":1,"minecraft:birch_log":54,"minecraft:birch_leaves":1,"minecraft:yellow_bed":4,"minecraft:oak_log":666,"minecraft:coal_ore":15,"minecraft:gravel":64,"minecraft:dirt":85,"minecraft:cobweb":1,"minecraft:oak_leaves":164},"minecraft:killed_by":{"minecraft:iron_golem":1}},"DataVersion":3955}