{"stats":{"minecraft:killed_by":{"minecraft:iron_golem":1},"minecraft:crafted":{"minecraft:grindstone":1,"minecraft:cookie":72,"minecraft:oak_planks":4124,"minecraft:smooth_stone":3,"minecraft:melon":9,"minecraft:cooked_chicken":4,"minecraft:furnace":3,"minecraft:blast_furnace":1,"minecraft:stone":10,"minecraft:bone_meal":9,"minecraft:diamond_shovel":1,"minecraft:suspicious_stew":7,"minecraft:cooked_mutton":20,"minecraft:bow":1,"minecraft:diamond_helmet":1,"minecraft:diamond_leggings":2,"minecraft:iron_boots":9,"minecraft:iron_axe":3,"minecraft:melon_seeds":17,"minecraft:chest":4,"minecraft:diamond_boots":2,"minecraft:chainmail_leggings":36,"minecraft:cooked_beef":23,"minecraft:diamond_sword":1,"minecraft:arrow":192,"minecraft:emerald":266,"minecraft:cooked_porkchop":24,"minecraft:diamond_axe":1,"minecraft:crafting_table":3,"minecraft:wooden_pickaxe":1,"minecraft:iron_helmet":1,"minecraft:iron_sword":1,"minecraft:fletching_table":4,"minecraft:birch_planks":216,"minecraft:bucket":1,"minecraft:bread":60,"minecraft:air":0,"minecraft:tnt":2,"minecraft:apple":48,"minecraft:iron_chestplate":1,"minecraft:diamond_pickaxe":1,"minecraft:shield":3,"minecraft:stick":8240,"minecraft:stone_slab":6,"minecraft:chainmail_boots":6,"minecraft:iron_shovel":1,"minecraft:white_bed":2,"minecraft:acacia_planks":68,"minecraft:torch":8,"minecraft:shears":1,"minecraft:diamond_chestplate":1},"minecraft:broken":{"minecraft:iron_shovel":1,"minecraft:stone_sword":1,"minecraft:shield":1,"minecraft:iron_axe":3,"minecraft:iron_sword":1},"minecraft:mined":{"minecraft:attached_melon_stem":1,"minecraft:white_bed":6,"minecraft:oak_door":1,"minecraft:brewing_stand":3,"minecraft:obsidian":1,"minecraft:acacia_log":17,"minecraft:grass_block":130,"minecraft:composter":1,"minecraft:carrots":14,"minecraft:furnace":5,"minecraft:fletching_table":3,"minecraft:dirt_path":77,"minecraft:bamboo":11,"minecraft:stone":25,"minecraft:melon_stem":3,"minecraft:oak_fence":2,"minecraft:crafting_table":4,"minecraft:short_grass":171,"minecraft:blast_furnace":2,"minecraft:melon":27,"minecraft:lectern":2,"minecraft:dead_bush":10,"minecraft:tall_grass":15,"minecraft:grindstone":1,"minecraft:sugar_cane":16,"minecraft:oak_planks":64,"minecraft:birch_planks":1,"minecraft:birch_log":54,"minecraft:wheat":11,"minecraft:birch_leaves":5,"minecraft:tnt":1,"minecraft:yellow_bed":4,"minecraft:oak_log":1009,"minecraft:coal_ore":15,"minecraft:beetroots":3,"minecraft:gravel":102,"minecraft:dirt":88,"minecraft:cobweb":1,"minecraft:fern":2,"minecraft:oak_leaves":208},"minecraft:used":{"minecraft:oak_fence":2,"minecraft:stone_sword":139,"minecraft:enchanting_table":1,"minecraft:iron_shovel":251,"minecraft:poppy":2,"minecraft:chest":4,"minecraft:shield":100,"minecraft:iron_sword":257,"minecraft:cooked_chicken":2,"minecraft:rotten_flesh":1,"minecraft:oak_door":1,"minecraft:torch":10,"minecraft:brewing_stand":2,"minecraft:dirt":339,"minecraft:mutton":2,"minecraft:obsidian":1,"minecraft:acacia_sapling":1,"minecraft:bookshelf":3,"minecraft:iron_axe":744,"minecraft:birch_sapling":1,"minecraft:melon_seeds":21,"minecraft:bamboo":37,"minecraft:bow":30,"minecraft:oak_sapling":88,"minecraft:furnace":6,"minecraft:egg":2,"minecraft:cooked_beef":2,"minecraft:enchanted_golden_apple":1,"minecraft:cooked_mutton":20,"minecraft:water_bucket":13,"minecraft:birch_planks":1,"minecraft:stone_pickaxe":54,"minecraft:oak_planks":169,"minecraft:composter":1,"minecraft:diamond_axe":429,"minecraft:fletching_table":6,"minecraft:oak_leaves":4,"minecraft:tnt":3,"minecraft:crafting_table":6,"minecraft:blast_furnace":3,"minecraft:white_bed":6,"minecraft:shears":8,"minecraft:oak_log":11,"minecraft:diamond_pickaxe":2,"minecraft:apple":1,"minecraft:diamond_shovel":43,"minecraft:bread":4,"minecraft:suspicious_stew":2,"minecraft:lectern":2,"minecraft:gravel":38,"minecraft:stone_axe":64,"minecraft:diamond_sword":89,"minecraft:cobblestone":4,"minecraft:grindstone":2,"minecraft:cooked_porkchop":24,"minecraft:bucket":14,"minecraft:yellow_bed":4,"minecraft:bone_meal":9,"minecraft:chainmail_leggings":1},"minecraft:custom":{"minecraft:mob_kills":119,"minecraft:interact_with_crafting_table":62,"minecraft:leave_game":4,"minecraft:damage_resisted":106,"minecraft:time_since_death":190067,"minecraft:climb_one_cm":2658,"minecraft:sprint_one_cm":717829,"minecraft:walk_one_cm":499043,"minecraft:damage_blocked_by_shield":3489,"minecraft:drop":191,"minecraft:talked_to_villager":95,"minecraft:play_time":233136,"minecraft:deaths":2,"minecraft:sneak_time":6013,"minecraft:walk_under_water_one_cm":3048,"minecraft:jump":5472,"minecraft:walk_on_water_one_cm":10508,"minecraft:enchant_item":4,"minecraft:total_world_time":233136,"minecraft:interact_with_furnace":97,"minecraft:traded_with_villager":369,"minecraft:interact_with_grindstone":1,"minecraft:sleep_in_bed":11,"minecraft:time_since_rest":3055,"minecraft:damage_absorbed":160,"minecraft:damage_taken":2873,"minecraft:damage_dealt":30166,"minecraft:swim_one_cm":16793,"minecraft:fly_one_cm":1115157,"minecraft:open_chest":150,"minecraft:crouch_one_cm":12484,"minecraft:fall_one_cm":119497},"minecraft:picked_up":{"minecraft:crafting_table":4,"minecraft:wheat":1,"minecraft:suspicious_stew":7,"minecraft:chainmail_boots":7,"minecraft:chicken":4,"minecraft:brewing_stand":3,"minecraft:shield":2,"minecraft:string":9,"minecraft:iron_shovel":1,"minecraft:beetroot":3,"minecraft:gold_nugget":6,"minecraft:beef":33,"minecraft:lectern":3,"minecraft:poppy":24,"minecraft:light_gray_wool":2,"minecraft:enchanted_golden_apple":1,"minecraft:melon_slice":110,"minecraft:sugar_cane":58,"minecraft:birch_sapling":2,"minecraft:furnace":8,"minecraft:phantom_membrane":1,"minecraft:iron_boots":9,"minecraft:egg":5,"minecraft:dark_oak_sapling":1,"minecraft:stick":57,"minecraft:oak_door":1,"minecraft:composter":1,"minecraft:oak_fence":2,"minecraft:torch":2,"minecraft:acacia_log":34,"minecraft:porkchop":58,"minecraft:carrot":18,"minecraft:tnt":1,"minecraft:stone_sword":2,"minecraft:arrow":15,"minecraft:rotten_flesh":33,"minecraft:beetroot_seeds":8,"minecraft:shears":2,"minecraft:bookshelf":3,"minecraft:obsidian":1,"minecraft:mutton":18,"minecraft:white_wool":27,"minecraft:cobblestone":112,"minecraft:birch_log":54,"minecraft:enchanting_table":1,"minecraft:feather":4,"minecraft:cooked_beef":15,"minecraft:leather":30,"minecraft:red_mushroom":5,"minecraft:birch_planks":26,"minecraft:flint":8,"minecraft:oak_log":1042,"minecraft:yellow_bed":4,"minecraft:gunpowder":3,"minecraft:lapis_lazuli":16,"minecraft:dirt":497,"minecraft:cooked_mutton":14,"minecraft:bone":23,"minecraft:apple":12,"minecraft:stonecutter":1,"minecraft:bow":1,"minecraft:wheat_seeds":44,"minecraft:wild_armor_trim_smithing_template":1,"minecraft:grindstone":1,"minecraft:iron_ingot":75,"minecraft:stone_pickaxe":4,"minecraft:cobweb":1,"minecraft:fletching_table":3,"minecraft:bamboo":37,"minecraft:acacia_sapling":1,"minecraft:oak_planks":174,"minecraft:cooked_porkchop":14,"minecraft:gravel":95,"minecraft:sand":83,"minecraft:melon":5,"minecraft:blast_furnace":3,"minecraft:white_bed":5,"minecraft:diamond":27,"minecraft:stone_axe":2,"minecraft:short_grass":1,"minecraft:chainmail_leggings":52,"minecraft:diamond_axe":1,"minecraft:gray_wool":1,"minecraft:emerald":12,"minecraft:oak_sapling":114,"minecraft:melon_seeds":11,"minecraft:oak_leaves":4,"minecraft:coal":33,"minecraft:diamond_pickaxe":1},"minecraft:dropped":{"minecraft:bread":57,"minecraft:iron_ingot":3,"minecraft:short_grass":1,"minecraft:wheat_seeds":19,"minecraft:diamond_axe":1,"minecraft:cooked_beef":1,"minecraft:diamond_leggings":1,"minecraft:cookie":64,"minecraft:leather":5,"minecraft:golden_apple":1,"minecraft:stick":8,"minecraft:gray_wool":1,"minecraft:gold_nugget":6,"minecraft:sand":1,"minecraft:chainmail_leggings":87,"minecraft:string":2,"minecraft:white_wool":17,"minecraft:furnace":1,"minecraft:sugar_cane":86,"minecraft:cooked_chicken":2,"minecraft:stone_sword":1,"minecraft:bowl":1,"minecraft:wheat":1,"minecraft:beetroot":3,"minecraft:rotten_flesh":16,"minecraft:light_gray_wool":2,"minecraft:oak_planks":56,"minecraft:iron_boots":17,"minecraft:white_bed":1,"minecraft:carrot":18,"minecraft:suspicious_stew":7,"minecraft:poppy":5,"minecraft:shield":1,"minecraft:gunpowder":1,"minecraft:diamond_pickaxe":1,"minecraft:beetroot_seeds":8,"minecraft:melon_seeds":7,"minecraft:oak_sapling":4,"minecraft:chainmail_boots":11,"minecraft:diamond_boots":1,"minecraft:arrow":2,"minecraft:powered_rail":8,"minecraft:beef":1},"minecraft:killed":{"minecraft:spider":7,"minecraft:phantom":1,"minecraft:horse":7,"minecraft:skeleton":10,"minecraft:chicken":4,"minecraft:pig":26,"minecraft:zombie_villager":1,"minecraft:iron_golem":17,"minecraft:creeper":3,"minecraft:sheep":10,"minecraft:zombie":17,"minecraft:donkey":2,"minecraft:cow":14}},"DataVersion":3955}