{"stats":{"minecraft:picked_up":{"minecraft:crafting_table":2,"minecraft:raw_iron":4,"minecraft:leather":3,"minecraft:brown_mushroom":2,"minecraft:porkchop":6,"minecraft:spruce_sapling":1,"minecraft:spruce_log":12,"minecraft:string":2,"minecraft:dirt":19,"minecraft:bone":1,"minecraft:arrow":1,"minecraft:wheat_seeds":2,"minecraft:spruce_planks":11,"minecraft:beef":13,"minecraft:mutton":1,"minecraft:sugar_cane":10,"minecraft:cobblestone":55,"minecraft:furnace":2},"minecraft:used":{"minecraft:stone_sword":48,"minecraft:stone_pickaxe":59,"minecraft:shield":9,"minecraft:wooden_pickaxe":3,"minecraft:stone_axe":8,"minecraft:cobblestone":1,"minecraft:crafting_table":2,"minecraft:furnace":2,"minecraft:cooked_beef":3},"minecraft:custom":{"minecraft:time_since_rest":14592,"minecraft:interact_with_furnace":17,"minecraft:sprint_one_cm":68506,"minecraft:damage_taken":68,"minecraft:walk_one_cm":19493,"minecraft:damage_blocked_by_shield":465,"minecraft:mob_kills":16,"minecraft:drop":16,"minecraft:damage_dealt":2119,"minecraft:swim_one_cm":1134,"minecraft:interact_with_crafting_table":9,"minecraft:fly_one_cm":148329,"minecraft:crouch_one_cm":168,"minecraft:play_time":14592,"minecraft:sneak_time":106,"minecraft:walk_under_water_one_cm":99,"minecraft:jump":457,"minecraft:time_since_death":14592,"minecraft:walk_on_water_one_cm":1094,"minecraft:total_world_time":14592,"minecraft:fall_one_cm":5912},"minecraft:mined":{"minecraft:brown_mushroom":2,"minecraft:furnace":2,"minecraft:iron_ore":2,"minecraft:spruce_log":13,"minecraft:crafting_table":2,"minecraft:grass_block":6,"minecraft:dirt":13,"minecraft:stone":56,"minecraft:sugar_cane":2},"minecraft:crafted":{"minecraft:cooked_beef":15,"minecraft:shield":1,"minecraft:crafting_table":1,"minecraft:spruce_planks":48,"minecraft:stick":12,"minecraft:iron_ingot":2,"minecraft:wooden_pickaxe":1,"minecraft:stone_pickaxe":1,"minecraft:stone_sword":1,"minecraft:furnace":2,"minecraft:stone_axe":1,"minecraft:cooked_mutton":4,"minecraft:air":0},"minecraft:dropped":{"minecraft:iron_ingot":1,"minecraft:wheat_seeds":2,"minecraft:cooked_beef":5,"minecraft:mutton":5,"minecraft:wooden_pickaxe":1,"minecraft:cooked_mutton":4,"minecraft:spruce_sapling":1,"minecraft:bone":1},"minecraft:killed":{"minecraft:skeleton":2,"minecraft:wolf":2,"minecraft:zombie":2,"minecraft:pig":2,"minecraft:spider":1,"minecraft:cow":7}},"DataVersion":3955}