{"stats":{"minecraft:killed":{"minecraft:spider":3,"minecraft:horse":5,"minecraft:skeleton":4,"minecraft:chicken":2,"minecraft:pig":15,"minecraft:iron_golem":12,"minecraft:creeper":2,"minecraft:sheep":10,"minecraft:zombie":12,"minecraft:donkey":2,"minecraft:cow":9},"minecraft:picked_up":{"minecraft:crafting_table":4,"minecraft:chainmail_boots":4,"minecraft:chicken":2,"minecraft:brewing_stand":3,"minecraft:shield":2,"minecraft:string":3,"minecraft:iron_shovel":1,"minecraft:gold_nugget":6,"minecraft:beef":23,"minecraft:poppy":18,"minecraft:light_gray_wool":2,"minecraft:enchanted_golden_apple":1,"minecraft:birch_sapling":2,"minecraft:furnace":8,"minecraft:iron_boots":9,"minecraft:egg":1,"minecraft:stick":37,"minecraft:composter":1,"minecraft:oak_fence":2,"minecraft:acacia_log":34,"minecraft:porkchop":39,"minecraft:stone_sword":2,"minecraft:arrow":6,"minecraft:rotten_flesh":24,"minecraft:shears":2,"minecraft:mutton":18,"minecraft:white_wool":6,"minecraft:cobblestone":48,"minecraft:birch_log":54,"minecraft:cooked_beef":15,"minecraft:leather":24,"minecraft:birch_planks":26,"minecraft:flint":4,"minecraft:oak_log":530,"minecraft:yellow_bed":4,"minecraft:gunpowder":3,"minecraft:dirt":452,"minecraft:cooked_mutton":14,"minecraft:bone":7,"minecraft:apple":10,"minecraft:bow":1,"minecraft:wheat_seeds":27,"minecraft:iron_ingot":53,"minecraft:stone_pickaxe":4,"minecraft:cobweb":1,"minecraft:fletching_table":2,"minecraft:oak_planks":85,"minecraft:cooked_porkchop":14,"minecraft:gravel":61,"minecraft:blast_furnace":2,"minecraft:white_bed":5,"minecraft:stone_axe":2,"minecraft:chainmail_leggings":28,"minecraft:gray_wool":1,"minecraft:oak_sapling":68,"minecraft:coal":33},"minecraft:broken":{"minecraft:iron_shovel":1,"minecraft:stone_sword":1,"minecraft:iron_axe":2},"minecraft:custom":{"minecraft:mob_kills":76,"minecraft:interact_with_crafting_table":31,"minecraft:leave_game":2,"minecraft:time_since_death":67398,"minecraft:sprint_one_cm":355943,"minecraft:walk_one_cm":270401,"minecraft:damage_blocked_by_shield":1019,"minecraft:drop":103,"minecraft:talked_to_villager":42,"minecraft:play_time":110467,"minecraft:deaths":2,"minecraft:sneak_time":5265,"minecraft:walk_under_water_one_cm":1685,"minecraft:jump":2573,"minecraft:walk_on_water_one_cm":3912,"minecraft:total_world_time":110467,"minecraft:interact_with_furnace":84,"minecraft:traded_with_villager":163,"minecraft:sleep_in_bed":5,"minecraft:time_since_rest":46609,"minecraft:damage_taken":1604,"minecraft:damage_dealt":20237,"minecraft:swim_one_cm":10336,"minecraft:fly_one_cm":503429,"minecraft:open_chest":48,"minecraft:crouch_one_cm":10379,"minecraft:fall_one_cm":47837},"minecraft:dropped":{"minecraft:iron_ingot":3,"minecraft:wheat_seeds":3,"minecraft:cooked_beef":1,"minecraft:golden_apple":1,"minecraft:stick":6,"minecraft:gray_wool":1,"minecraft:gold_nugget":6,"minecraft:chainmail_leggings":51,"minecraft:furnace":1,"minecraft:cooked_chicken":2,"minecraft:stone_sword":1,"minecraft:rotten_flesh":15,"minecraft:light_gray_wool":2,"minecraft:oak_planks":56,"minecraft:iron_boots":17,"minecraft:white_bed":1,"minecraft:poppy":3,"minecraft:shield":1,"minecraft:gunpowder":1,"minecraft:oak_sapling":1,"minecraft:chainmail_boots":6,"minecraft:powered_rail":8},"minecraft:used":{"minecraft:oak_fence":2,"minecraft:stone_sword":139,"minecraft:iron_shovel":251,"minecraft:chest":2,"minecraft:shield":17,"minecraft:iron_sword":200,"minecraft:cooked_chicken":2,"minecraft:rotten_flesh":1,"minecraft:torch":8,"minecraft:brewing_stand":2,"minecraft:dirt":289,"minecraft:mutton":2,"minecraft:iron_axe":601,"minecraft:birch_sapling":1,"minecraft:oak_sapling":45,"minecraft:furnace":6,"minecraft:cooked_beef":2,"minecraft:cooked_mutton":4,"minecraft:birch_planks":1,"minecraft:stone_pickaxe":54,"minecraft:oak_planks":126,"minecraft:composter":1,"minecraft:fletching_table":4,"minecraft:crafting_table":6,"minecraft:blast_furnace":3,"minecraft:white_bed":6,"minecraft:shears":1,"minecraft:oak_log":3,"minecraft:bread":1,"minecraft:stone_axe":64,"minecraft:cooked_porkchop":14,"minecraft:yellow_bed":4,"minecraft:chainmail_leggings":1},"minecraft:crafted":{"minecraft:oak_planks":1656,"minecraft:smooth_stone":3,"minecraft:cooked_chicken":4,"minecraft:furnace":3,"minecraft:blast_furnace":1,"minecraft:stone":3,"minecraft:cooked_mutton":20,"minecraft:diamond_leggings":1,"minecraft:iron_boots":9,"minecraft:iron_axe":3,"minecraft:chest":2,"minecraft:chainmail_leggings":24,"minecraft:cooked_beef":23,"minecraft:arrow":192,"minecraft:emerald":112,"minecraft:cooked_porkchop":24,"minecraft:crafting_table":3,"minecraft:wooden_pickaxe":1,"minecraft:iron_helmet":1,"minecraft:iron_sword":1,"minecraft:fletching_table":2,"minecraft:birch_planks":216,"minecraft:air":0,"minecraft:iron_chestplate":1,"minecraft:shield":2,"minecraft:stick":3552,"minecraft:chainmail_boots":4,"minecraft:iron_shovel":1,"minecraft:white_bed":2,"minecraft:acacia_planks":68,"minecraft:torch":8,"minecraft:shears":1},"minecraft:mined":{"minecraft:white_bed":5,"minecraft:brewing_stand":3,"minecraft:acacia_log":17,"minecraft:grass_block":118,"minecraft:composter":1,"minecraft:furnace":5,"minecraft:fletching_table":2,"minecraft:dirt_path":76,"minecraft:stone":25,"minecraft:oak_fence":2,"minecraft:crafting_table":4,"minecraft:short_grass":144,"minecraft:blast_furnace":2,"minecraft:dead_bush":10,"minecraft:tall_grass":11,"minecraft:oak_planks":29,"minecraft:birch_planks":1,"minecraft:birch_log":54,"minecraft:birch_leaves":1,"minecraft:yellow_bed":4,"minecraft:oak_log":531,"minecraft:coal_ore":15,"minecraft:gravel":64,"minecraft:dirt":85,"minecraft:cobweb":1,"minecraft:oak_leaves":150},"minecraft:killed_by":{"minecraft:iron_golem":1}},"DataVersion":3955}