{"stats":{"minecraft:killed_by":{"minecraft:iron_golem":1},"minecraft:crafted":{"minecraft:grindstone":1,"minecraft:oak_planks":4096,"minecraft:smooth_stone":3,"minecraft:cooked_chicken":4,"minecraft:furnace":3,"minecraft:blast_furnace":1,"minecraft:stone":10,"minecraft:diamond_shovel":1,"minecraft:cooked_mutton":20,"minecraft:diamond_helmet":1,"minecraft:diamond_leggings":2,"minecraft:iron_boots":9,"minecraft:iron_axe":3,"minecraft:melon_seeds":13,"minecraft:chest":4,"minecraft:diamond_boots":2,"minecraft:chainmail_leggings":36,"minecraft:cooked_beef":23,"minecraft:diamond_sword":1,"minecraft:arrow":192,"minecraft:emerald":257,"minecraft:cooked_porkchop":24,"minecraft:diamond_axe":1,"minecraft:crafting_table":3,"minecraft:wooden_pickaxe":1,"minecraft:iron_helmet":1,"minecraft:iron_sword":1,"minecraft:fletching_table":4,"minecraft:birch_planks":216,"minecraft:bucket":1,"minecraft:bread":60,"minecraft:air":0,"minecraft:apple":48,"minecraft:iron_chestplate":1,"minecraft:diamond_pickaxe":1,"minecraft:shield":3,"minecraft:stick":8048,"minecraft:stone_slab":6,"minecraft:chainmail_boots":6,"minecraft:iron_shovel":1,"minecraft:white_bed":2,"minecraft:acacia_planks":68,"minecraft:torch":8,"minecraft:shears":1,"minecraft:diamond_chestplate":1},"minecraft:broken":{"minecraft:iron_shovel":1,"minecraft:stone_sword":1,"minecraft:shield":1,"minecraft:iron_axe":3,"minecraft:iron_sword":1},"minecraft:mined":{"minecraft:white_bed":5,"minecraft:brewing_stand":3,"minecraft:acacia_log":17,"minecraft:grass_block":128,"minecraft:composter":1,"minecraft:carrots":1,"minecraft:furnace":5,"minecraft:fletching_table":3,"minecraft:dirt_path":76,"minecraft:stone":25,"minecraft:melon_stem":2,"minecraft:oak_fence":2,"minecraft:crafting_table":4,"minecraft:short_grass":161,"minecraft:blast_furnace":2,"minecraft:melon":15,"minecraft:dead_bush":10,"minecraft:tall_grass":15,"minecraft:grindstone":1,"minecraft:sugar_cane":16,"minecraft:oak_planks":42,"minecraft:birch_planks":1,"minecraft:birch_log":54,"minecraft:wheat":11,"minecraft:birch_leaves":2,"minecraft:yellow_bed":4,"minecraft:oak_log":1005,"minecraft:coal_ore":15,"minecraft:beetroots":2,"minecraft:gravel":102,"minecraft:dirt":85,"minecraft:cobweb":1,"minecraft:oak_leaves":207},"minecraft:used":{"minecraft:oak_fence":2,"minecraft:stone_sword":139,"minecraft:enchanting_table":1,"minecraft:iron_shovel":251,"minecraft:chest":4,"minecraft:shield":54,"minecraft:iron_sword":257,"minecraft:cooked_chicken":2,"minecraft:rotten_flesh":1,"minecraft:torch":8,"minecraft:brewing_stand":2,"minecraft:dirt":332,"minecraft:mutton":2,"minecraft:bookshelf":3,"minecraft:iron_axe":744,"minecraft:birch_sapling":1,"minecraft:melon_seeds":8,"minecraft:oak_sapling":88,"minecraft:furnace":6,"minecraft:egg":1,"minecraft:cooked_beef":2,"minecraft:cooked_mutton":10,"minecraft:water_bucket":1,"minecraft:birch_planks":1,"minecraft:stone_pickaxe":54,"minecraft:oak_planks":141,"minecraft:composter":1,"minecraft:diamond_axe":377,"minecraft:fletching_table":6,"minecraft:oak_leaves":4,"minecraft:crafting_table":6,"minecraft:blast_furnace":3,"minecraft:white_bed":6,"minecraft:shears":8,"minecraft:oak_log":7,"minecraft:diamond_pickaxe":1,"minecraft:apple":1,"minecraft:diamond_shovel":39,"minecraft:bread":4,"minecraft:gravel":38,"minecraft:stone_axe":64,"minecraft:diamond_sword":45,"minecraft:cobblestone":4,"minecraft:grindstone":2,"minecraft:cooked_porkchop":24,"minecraft:bucket":2,"minecraft:yellow_bed":4,"minecraft:chainmail_leggings":1},"minecraft:custom":{"minecraft:mob_kills":112,"minecraft:interact_with_crafting_table":54,"minecraft:leave_game":4,"minecraft:time_since_death":148067,"minecraft:climb_one_cm":402,"minecraft:sprint_one_cm":592119,"minecraft:walk_one_cm":404385,"minecraft:damage_blocked_by_shield":3105,"minecraft:drop":156,"minecraft:talked_to_villager":82,"minecraft:play_time":191136,"minecraft:deaths":2,"minecraft:sneak_time":5574,"minecraft:walk_under_water_one_cm":2469,"minecraft:jump":4213,"minecraft:walk_on_water_one_cm":5167,"minecraft:enchant_item":4,"minecraft:total_world_time":191136,"minecraft:interact_with_furnace":96,"minecraft:traded_with_villager":349,"minecraft:interact_with_grindstone":1,"minecraft:sleep_in_bed":8,"minecraft:time_since_rest":33316,"minecraft:damage_taken":2424,"minecraft:damage_dealt":26283,"minecraft:swim_one_cm":14120,"minecraft:fly_one_cm":877049,"minecraft:open_chest":99,"minecraft:crouch_one_cm":11174,"minecraft:fall_one_cm":91726},"minecraft:picked_up":{"minecraft:crafting_table":4,"minecraft:wheat":1,"minecraft:chainmail_boots":7,"minecraft:chicken":4,"minecraft:brewing_stand":3,"minecraft:shield":2,"minecraft:string":8,"minecraft:iron_shovel":1,"minecraft:beetroot":2,"minecraft:gold_nugget":6,"minecraft:beef":32,"minecraft:poppy":20,"minecraft:light_gray_wool":2,"minecraft:enchanted_golden_apple":1,"minecraft:melon_slice":73,"minecraft:sugar_cane":30,"minecraft:birch_sapling":2,"minecraft:furnace":8,"minecraft:phantom_membrane":1,"minecraft:iron_boots":9,"minecraft:egg":4,"minecraft:dark_oak_sapling":1,"minecraft:stick":57,"minecraft:composter":1,"minecraft:oak_fence":2,"minecraft:acacia_log":34,"minecraft:porkchop":58,"minecraft:carrot":3,"minecraft:stone_sword":2,"minecraft:arrow":13,"minecraft:rotten_flesh":33,"minecraft:beetroot_seeds":5,"minecraft:shears":2,"minecraft:bookshelf":3,"minecraft:mutton":18,"minecraft:white_wool":24,"minecraft:cobblestone":112,"minecraft:birch_log":54,"minecraft:enchanting_table":1,"minecraft:feather":4,"minecraft:cooked_beef":15,"minecraft:leather":29,"minecraft:red_mushroom":5,"minecraft:birch_planks":26,"minecraft:flint":8,"minecraft:oak_log":1038,"minecraft:yellow_bed":4,"minecraft:gunpowder":3,"minecraft:lapis_lazuli":16,"minecraft:dirt":492,"minecraft:cooked_mutton":14,"minecraft:bone":23,"minecraft:apple":12,"minecraft:stonecutter":1,"minecraft:bow":1,"minecraft:wheat_seeds":40,"minecraft:wild_armor_trim_smithing_template":1,"minecraft:grindstone":1,"minecraft:iron_ingot":57,"minecraft:stone_pickaxe":4,"minecraft:cobweb":1,"minecraft:fletching_table":3,"minecraft:oak_planks":152,"minecraft:cooked_porkchop":14,"minecraft:gravel":95,"minecraft:sand":65,"minecraft:blast_furnace":3,"minecraft:white_bed":5,"minecraft:diamond":27,"minecraft:stone_axe":2,"minecraft:short_grass":1,"minecraft:chainmail_leggings":52,"minecraft:gray_wool":1,"minecraft:emerald":12,"minecraft:oak_sapling":113,"minecraft:melon_seeds":2,"minecraft:oak_leaves":4,"minecraft:coal":33},"minecraft:dropped":{"minecraft:iron_ingot":3,"minecraft:short_grass":1,"minecraft:wheat_seeds":3,"minecraft:cooked_beef":1,"minecraft:diamond_leggings":1,"minecraft:leather":5,"minecraft:golden_apple":1,"minecraft:stick":7,"minecraft:gray_wool":1,"minecraft:gold_nugget":6,"minecraft:sand":1,"minecraft:chainmail_leggings":87,"minecraft:string":2,"minecraft:white_wool":17,"minecraft:furnace":1,"minecraft:sugar_cane":30,"minecraft:cooked_chicken":2,"minecraft:stone_sword":1,"minecraft:rotten_flesh":16,"minecraft:light_gray_wool":2,"minecraft:oak_planks":56,"minecraft:iron_boots":17,"minecraft:white_bed":1,"minecraft:poppy":3,"minecraft:shield":1,"minecraft:gunpowder":1,"minecraft:oak_sapling":3,"minecraft:chainmail_boots":11,"minecraft:diamond_boots":1,"minecraft:powered_rail":8},"minecraft:killed":{"minecraft:spider":6,"minecraft:phantom":1,"minecraft:horse":7,"minecraft:skeleton":9,"minecraft:chicken":4,"minecraft:pig":26,"minecraft:zombie_villager":1,"minecraft:iron_golem":13,"minecraft:creeper":3,"minecraft:sheep":10,"minecraft:zombie":17,"minecraft:donkey":2,"minecraft:cow":13}},"DataVersion":3955}