{"stats":{"minecraft:killed":{"minecraft:pig":10,"minecraft:sheep":9,"minecraft:horse":4,"minecraft:donkey":2,"minecraft:zombie":1,"minecraft:chicken":1,"minecraft:cow":4},"minecraft:picked_up":{"minecraft:crafting_table":3,"minecraft:cooked_beef":1,"minecraft:chicken":1,"minecraft:leather":9,"minecraft:oak_log":13,"minecraft:shield":1,"minecraft:dirt":1,"minecraft:wheat_seeds":3,"minecraft:gold_nugget":6,"minecraft:iron_ingot":2,"minecraft:beef":8,"minecraft:stone_pickaxe":1,"minecraft:cobweb":1,"minecraft:light_gray_wool":2,"minecraft:oak_planks":56,"minecraft:furnace":1,"minecraft:stick":6,"minecraft:acacia_log":4,"minecraft:porkchop":19,"minecraft:stone_sword":2,"minecraft:rotten_flesh":2,"minecraft:stone_axe":1,"minecraft:gray_wool":1,"minecraft:mutton":14,"minecraft:coal":15,"minecraft:white_wool":3,"minecraft:cobblestone":32},"minecraft:custom":{"minecraft:interact_with_furnace":22,"minecraft:mob_kills":31,"minecraft:interact_with_crafting_table":4,"minecraft:time_since_death":18337,"minecraft:time_since_rest":18365,"minecraft:sprint_one_cm":107214,"minecraft:damage_taken":266,"minecraft:walk_one_cm":58862,"minecraft:damage_blocked_by_shield":90,"minecraft:drop":19,"minecraft:damage_dealt":3628,"minecraft:swim_one_cm":10336,"minecraft:fly_one_cm":229617,"minecraft:open_chest":2,"minecraft:crouch_one_cm":1179,"minecraft:play_time":24530,"minecraft:deaths":1,"minecraft:sneak_time":548,"minecraft:walk_under_water_one_cm":1685,"minecraft:jump":961,"minecraft:walk_on_water_one_cm":3912,"minecraft:total_world_time":24530,"minecraft:fall_one_cm":24676},"minecraft:used":{"minecraft:stone_sword":79,"minecraft:stone_pickaxe":42,"minecraft:shield":4,"minecraft:cooked_chicken":2,"minecraft:rotten_flesh":1,"minecraft:dirt":1,"minecraft:mutton":2,"minecraft:crafting_table":2,"minecraft:shears":1,"minecraft:bread":1,"minecraft:stone_axe":5,"minecraft:furnace":2,"minecraft:cooked_beef":2},"minecraft:dropped":{"minecraft:furnace":1,"minecraft:wheat_seeds":3,"minecraft:cooked_beef":1,"minecraft:cooked_chicken":2,"minecraft:stone_sword":1,"minecraft:rotten_flesh":1,"minecraft:light_gray_wool":2,"minecraft:oak_planks":56,"minecraft:golden_apple":1,"minecraft:stick":6,"minecraft:gray_wool":1,"minecraft:shield":1,"minecraft:gold_nugget":6,"minecraft:powered_rail":8},"minecraft:crafted":{"minecraft:cooked_beef":8,"minecraft:oak_planks":52,"minecraft:crafting_table":1,"minecraft:wooden_pickaxe":1,"minecraft:cooked_chicken":4,"minecraft:furnace":2,"minecraft:air":0,"minecraft:shield":2,"minecraft:stick":4,"minecraft:shears":1},"minecraft:mined":{"minecraft:crafting_table":3,"minecraft:short_grass":5,"minecraft:acacia_log":4,"minecraft:grass_block":1,"minecraft:dead_bush":10,"minecraft:tall_grass":4,"minecraft:furnace":1,"minecraft:oak_log":12,"minecraft:coal_ore":15,"minecraft:cobweb":1,"minecraft:stone":25}},"DataVersion":3955}