{"stats":{"minecraft:picked_up":{"minecraft:stick":28,"minecraft:cactus":11,"minecraft:sand":5,"minecraft:sugar_cane":28},"minecraft:used":{"minecraft:sand":3},"minecraft:custom":{"minecraft:time_since_rest":6586,"minecraft:sprint_one_cm":33195,"minecraft:play_time":6586,"minecraft:walk_one_cm":8599,"minecraft:walk_under_water_one_cm":353,"minecraft:drop":4,"minecraft:jump":177,"minecraft:leave_game":2,"minecraft:walk_on_water_one_cm":799,"minecraft:time_since_death":6586,"minecraft:total_world_time":6586,"minecraft:swim_one_cm":1534,"minecraft:fall_one_cm":2775,"minecraft:fly_one_cm":54506},"minecraft:mined":{"minecraft:short_grass":1,"minecraft:cactus":8,"minecraft:dead_bush":19,"minecraft:sand":5,"minecraft:sugar_cane":12},"minecraft:dropped":{"minecraft:stick":16}},"DataVersion":3955}