{"stats":{"minecraft:picked_up":{"minecraft:spruce_sapling":1,"minecraft:spruce_log":7,"minecraft:cobblestone":16,"minecraft:dirt":1},"minecraft:used":{"minecraft:crafting_table":1,"minecraft:stone_pickaxe":14,"minecraft:wooden_pickaxe":3},"minecraft:custom":{"minecraft:time_since_rest":2592,"minecraft:play_time":2592,"minecraft:sprint_one_cm":3136,"minecraft:walk_one_cm":1514,"minecraft:jump":15,"minecraft:time_since_death":2592,"minecraft:total_world_time":2592,"minecraft:interact_with_crafting_table":2,"minecraft:fall_one_cm":209,"minecraft:fly_one_cm":5063},"minecraft:crafted":{"minecraft:crafting_table":1,"minecraft:spruce_planks":28,"minecraft:stick":4,"minecraft:wooden_pickaxe":1,"minecraft:stone_pickaxe":1},"minecraft:mined":{"minecraft:grass_block":1,"minecraft:spruce_log":7,"minecraft:stone":17}},"DataVersion":3955}