{"stats":{"minecraft:custom":{"minecraft:mob_kills":109,"minecraft:interact_with_crafting_table":53,"minecraft:leave_game":4,"minecraft:time_since_death":137984,"minecraft:sprint_one_cm":540889,"minecraft:walk_one_cm":386469,"minecraft:damage_blocked_by_shield":3045,"minecraft:drop":153,"minecraft:talked_to_villager":75,"minecraft:play_time":181053,"minecraft:deaths":2,"minecraft:sneak_time":5399,"minecraft:walk_under_water_one_cm":2469,"minecraft:jump":3788,"minecraft:walk_on_water_one_cm":5167,"minecraft:enchant_item":4,"minecraft:total_world_time":181053,"minecraft:interact_with_furnace":96,"minecraft:traded_with_villager":337,"minecraft:interact_with_grindstone":1,"minecraft:sleep_in_bed":8,"minecraft:time_since_rest":23233,"minecraft:damage_taken":2379,"minecraft:damage_dealt":25915,"minecraft:swim_one_cm":14120,"minecraft:fly_one_cm":774552,"minecraft:open_chest":93,"minecraft:crouch_one_cm":10558,"minecraft:fall_one_cm":77675},"minecraft:killed_by":{"minecraft:iron_golem":1},"minecraft:crafted":{"minecraft:grindstone":1,"minecraft:oak_planks":4096,"minecraft:smooth_stone":3,"minecraft:cooked_chicken":4,"minecraft:furnace":3,"minecraft:blast_furnace":1,"minecraft:stone":10,"minecraft:diamond_shovel":1,"minecraft:cooked_mutton":20,"minecraft:diamond_helmet":1,"minecraft:diamond_leggings":2,"minecraft:iron_boots":9,"minecraft:iron_axe":3,"minecraft:chest":2,"minecraft:diamond_boots":2,"minecraft:chainmail_leggings":36,"minecraft:cooked_beef":23,"minecraft:diamond_sword":1,"minecraft:arrow":192,"minecraft:emerald":257,"minecraft:cooked_porkchop":24,"minecraft:diamond_axe":1,"minecraft:crafting_table":3,"minecraft:wooden_pickaxe":1,"minecraft:iron_helmet":1,"minecraft:iron_sword":1,"minecraft:fletching_table":4,"minecraft:birch_planks":216,"minecraft:bucket":1,"minecraft:bread":60,"minecraft:air":0,"minecraft:iron_chestplate":1,"minecraft:diamond_pickaxe":1,"minecraft:shield":3,"minecraft:stick":8048,"minecraft:stone_slab":6,"minecraft:chainmail_boots":6,"minecraft:iron_shovel":1,"minecraft:white_bed":2,"minecraft:acacia_planks":68,"minecraft:torch":8,"minecraft:shears":1,"minecraft:diamond_chestplate":1},"minecraft:killed":{"minecraft:spider":5,"minecraft:phantom":1,"minecraft:horse":7,"minecraft:skeleton":9,"minecraft:chicken":4,"minecraft:pig":24,"minecraft:zombie_villager":1,"minecraft:iron_golem":13,"minecraft:creeper":3,"minecraft:sheep":10,"minecraft:zombie":17,"minecraft:donkey":2,"minecraft:cow":13},"minecraft:mined":{"minecraft:white_bed":5,"minecraft:brewing_stand":3,"minecraft:acacia_log":17,"minecraft:grass_block":126,"minecraft:composter":1,"minecraft:furnace":5,"minecraft:fletching_table":3,"minecraft:dirt_path":76,"minecraft:stone":25,"minecraft:oak_fence":2,"minecraft:crafting_table":4,"minecraft:short_grass":158,"minecraft:blast_furnace":2,"minecraft:dead_bush":10,"minecraft:tall_grass":15,"minecraft:sugar_cane":16,"minecraft:oak_planks":32,"minecraft:birch_planks":1,"minecraft:birch_log":54,"minecraft:birch_leaves":1,"minecraft:yellow_bed":4,"minecraft:oak_log":998,"minecraft:coal_ore":15,"minecraft:gravel":102,"minecraft:dirt":85,"minecraft:cobweb":1,"minecraft:oak_leaves":201},"minecraft:broken":{"minecraft:iron_shovel":1,"minecraft:stone_sword":1,"minecraft:shield":1,"minecraft:iron_axe":3,"minecraft:iron_sword":1},"minecraft:dropped":{"minecraft:iron_ingot":3,"minecraft:wheat_seeds":3,"minecraft:cooked_beef":1,"minecraft:diamond_leggings":1,"minecraft:leather":5,"minecraft:golden_apple":1,"minecraft:stick":7,"minecraft:gray_wool":1,"minecraft:gold_nugget":6,"minecraft:chainmail_leggings":87,"minecraft:string":2,"minecraft:white_wool":17,"minecraft:furnace":1,"minecraft:sugar_cane":30,"minecraft:cooked_chicken":2,"minecraft:stone_sword":1,"minecraft:rotten_flesh":16,"minecraft:light_gray_wool":2,"minecraft:oak_planks":56,"minecraft:iron_boots":17,"minecraft:white_bed":1,"minecraft:poppy":3,"minecraft:shield":1,"minecraft:gunpowder":1,"minecraft:oak_sapling":2,"minecraft:chainmail_boots":11,"minecraft:diamond_boots":1,"minecraft:powered_rail":8},"minecraft:used":{"minecraft:oak_fence":2,"minecraft:stone_sword":139,"minecraft:enchanting_table":1,"minecraft:iron_shovel":251,"minecraft:chest":2,"minecraft:shield":52,"minecraft:iron_sword":257,"minecraft:cooked_chicken":2,"minecraft:rotten_flesh":1,"minecraft:torch":8,"minecraft:brewing_stand":2,"minecraft:dirt":332,"minecraft:mutton":2,"minecraft:bookshelf":3,"minecraft:iron_axe":744,"minecraft:birch_sapling":1,"minecraft:oak_sapling":88,"minecraft:furnace":6,"minecraft:egg":1,"minecraft:cooked_beef":2,"minecraft:cooked_mutton":7,"minecraft:birch_planks":1,"minecraft:stone_pickaxe":54,"minecraft:oak_planks":141,"minecraft:composter":1,"minecraft:diamond_axe":344,"minecraft:fletching_table":6,"minecraft:crafting_table":6,"minecraft:blast_furnace":3,"minecraft:white_bed":6,"minecraft:shears":1,"minecraft:oak_log":7,"minecraft:apple":1,"minecraft:diamond_shovel":38,"minecraft:bread":3,"minecraft:gravel":38,"minecraft:stone_axe":64,"minecraft:diamond_sword":41,"minecraft:cobblestone":4,"minecraft:grindstone":1,"minecraft:cooked_porkchop":24,"minecraft:yellow_bed":4,"minecraft:chainmail_leggings":1},"minecraft:picked_up":{"minecraft:crafting_table":4,"minecraft:chainmail_boots":7,"minecraft:chicken":4,"minecraft:brewing_stand":3,"minecraft:shield":2,"minecraft:string":6,"minecraft:iron_shovel":1,"minecraft:gold_nugget":6,"minecraft:beef":32,"minecraft:poppy":20,"minecraft:light_gray_wool":2,"minecraft:enchanted_golden_apple":1,"minecraft:sugar_cane":30,"minecraft:birch_sapling":2,"minecraft:furnace":8,"minecraft:phantom_membrane":1,"minecraft:iron_boots":9,"minecraft:egg":4,"minecraft:stick":57,"minecraft:composter":1,"minecraft:oak_fence":2,"minecraft:acacia_log":34,"minecraft:porkchop":54,"minecraft:stone_sword":2,"minecraft:arrow":13,"minecraft:rotten_flesh":33,"minecraft:shears":2,"minecraft:bookshelf":3,"minecraft:mutton":18,"minecraft:white_wool":24,"minecraft:cobblestone":112,"minecraft:birch_log":54,"minecraft:enchanting_table":1,"minecraft:feather":4,"minecraft:cooked_beef":15,"minecraft:leather":29,"minecraft:red_mushroom":5,"minecraft:birch_planks":26,"minecraft:flint":8,"minecraft:oak_log":1031,"minecraft:yellow_bed":4,"minecraft:gunpowder":3,"minecraft:lapis_lazuli":16,"minecraft:dirt":490,"minecraft:cooked_mutton":14,"minecraft:bone":14,"minecraft:apple":12,"minecraft:bow":1,"minecraft:wheat_seeds":27,"minecraft:iron_ingot":57,"minecraft:stone_pickaxe":4,"minecraft:cobweb":1,"minecraft:fletching_table":3,"minecraft:oak_planks":144,"minecraft:cooked_porkchop":14,"minecraft:gravel":95,"minecraft:blast_furnace":2,"minecraft:white_bed":5,"minecraft:diamond":27,"minecraft:stone_axe":2,"minecraft:chainmail_leggings":52,"minecraft:gray_wool":1,"minecraft:oak_sapling":113,"minecraft:coal":33}},"DataVersion":3955}