{"stats":{"minecraft:killed":{"minecraft:pig":15,"minecraft:spider":2,"minecraft:iron_golem":6,"minecraft:creeper":1,"minecraft:sheep":10,"minecraft:horse":5,"minecraft:skeleton":3,"minecraft:donkey":2,"minecraft:zombie":8,"minecraft:chicken":2,"minecraft:cow":9},"minecraft:picked_up":{"minecraft:birch_log":54,"minecraft:crafting_table":4,"minecraft:cooked_beef":15,"minecraft:chicken":2,"minecraft:leather":24,"minecraft:birch_planks":25,"minecraft:flint":4,"minecraft:oak_log":158,"minecraft:brewing_stand":2,"minecraft:yellow_bed":4,"minecraft:shield":2,"minecraft:gunpowder":2,"minecraft:string":3,"minecraft:dirt":430,"minecraft:cooked_mutton":14,"minecraft:iron_shovel":1,"minecraft:bone":7,"minecraft:apple":4,"minecraft:bow":1,"minecraft:wheat_seeds":26,"minecraft:gold_nugget":6,"minecraft:iron_ingot":29,"minecraft:beef":23,"minecraft:stone_pickaxe":4,"minecraft:cobweb":1,"minecraft:fletching_table":2,"minecraft:poppy":8,"minecraft:light_gray_wool":2,"minecraft:enchanted_golden_apple":1,"minecraft:birch_sapling":1,"minecraft:oak_planks":66,"minecraft:egg":1,"minecraft:furnace":8,"minecraft:stick":21,"minecraft:cooked_porkchop":14,"minecraft:composter":1,"minecraft:oak_fence":2,"minecraft:acacia_log":34,"minecraft:gravel":61,"minecraft:porkchop":39,"minecraft:white_bed":5,"minecraft:arrow":6,"minecraft:stone_sword":2,"minecraft:rotten_flesh":8,"minecraft:stone_axe":2,"minecraft:shears":2,"minecraft:gray_wool":1,"minecraft:oak_sapling":30,"minecraft:mutton":18,"minecraft:coal":33,"minecraft:white_wool":6,"minecraft:cobblestone":48},"minecraft:broken":{"minecraft:iron_shovel":1,"minecraft:stone_sword":1},"minecraft:custom":{"minecraft:interact_with_furnace":68,"minecraft:mob_kills":63,"minecraft:traded_with_villager":32,"minecraft:interact_with_crafting_table":21,"minecraft:time_since_death":23461,"minecraft:sleep_in_bed":5,"minecraft:time_since_rest":2672,"minecraft:sprint_one_cm":250597,"minecraft:damage_taken":1344,"minecraft:walk_one_cm":194921,"minecraft:damage_blocked_by_shield":704,"minecraft:drop":21,"minecraft:damage_dealt":13100,"minecraft:talked_to_villager":12,"minecraft:swim_one_cm":10336,"minecraft:fly_one_cm":401978,"minecraft:open_chest":22,"minecraft:crouch_one_cm":7479,"minecraft:play_time":66530,"minecraft:deaths":2,"minecraft:sneak_time":2350,"minecraft:walk_under_water_one_cm":1685,"minecraft:jump":1938,"minecraft:walk_on_water_one_cm":3912,"minecraft:total_world_time":66530,"minecraft:fall_one_cm":38831},"minecraft:dropped":{"minecraft:iron_ingot":3,"minecraft:furnace":1,"minecraft:wheat_seeds":3,"minecraft:cooked_beef":1,"minecraft:cooked_chicken":2,"minecraft:stone_sword":1,"minecraft:rotten_flesh":1,"minecraft:light_gray_wool":2,"minecraft:oak_planks":56,"minecraft:white_bed":1,"minecraft:golden_apple":1,"minecraft:stick":6,"minecraft:gray_wool":1,"minecraft:shield":1,"minecraft:gold_nugget":6,"minecraft:powered_rail":8},"minecraft:used":{"minecraft:oak_fence":2,"minecraft:cooked_mutton":4,"minecraft:stone_sword":139,"minecraft:iron_shovel":251,"minecraft:stone_pickaxe":51,"minecraft:oak_planks":107,"minecraft:chest":2,"minecraft:shield":10,"minecraft:iron_sword":103,"minecraft:composter":1,"minecraft:fletching_table":4,"minecraft:cooked_chicken":2,"minecraft:rotten_flesh":1,"minecraft:torch":1,"minecraft:brewing_stand":2,"minecraft:dirt":265,"minecraft:mutton":2,"minecraft:crafting_table":6,"minecraft:white_bed":6,"minecraft:shears":1,"minecraft:iron_axe":188,"minecraft:bread":1,"minecraft:stone_axe":64,"minecraft:oak_sapling":8,"minecraft:furnace":6,"minecraft:cooked_porkchop":9,"minecraft:yellow_bed":4,"minecraft:cooked_beef":2},"minecraft:crafted":{"minecraft:cooked_beef":23,"minecraft:oak_planks":632,"minecraft:emerald":32,"minecraft:cooked_porkchop":24,"minecraft:crafting_table":3,"minecraft:wooden_pickaxe":1,"minecraft:cooked_chicken":4,"minecraft:iron_sword":1,"minecraft:furnace":2,"minecraft:fletching_table":2,"minecraft:birch_planks":28,"minecraft:cooked_mutton":20,"minecraft:air":0,"minecraft:shield":2,"minecraft:iron_axe":1,"minecraft:stick":1104,"minecraft:chest":2,"minecraft:iron_shovel":1,"minecraft:white_bed":2,"minecraft:acacia_planks":68,"minecraft:torch":8,"minecraft:shears":1},"minecraft:mined":{"minecraft:white_bed":5,"minecraft:brewing_stand":2,"minecraft:oak_fence":2,"minecraft:crafting_table":4,"minecraft:short_grass":137,"minecraft:acacia_log":17,"minecraft:grass_block":118,"minecraft:dead_bush":10,"minecraft:tall_grass":11,"minecraft:composter":1,"minecraft:oak_planks":10,"minecraft:furnace":5,"minecraft:birch_log":54,"minecraft:birch_leaves":1,"minecraft:fletching_table":2,"minecraft:yellow_bed":4,"minecraft:oak_log":157,"minecraft:coal_ore":15,"minecraft:dirt_path":76,"minecraft:gravel":64,"minecraft:dirt":64,"minecraft:cobweb":1,"minecraft:stone":25,"minecraft:oak_leaves":39},"minecraft:killed_by":{"minecraft:iron_golem":1}},"DataVersion":3955}