{"stats":{"minecraft:custom":{"minecraft:mob_kills":97,"minecraft:interact_with_crafting_table":52,"minecraft:leave_game":3,"minecraft:time_since_death":114333,"minecraft:sprint_one_cm":511579,"minecraft:walk_one_cm":369282,"minecraft:damage_blocked_by_shield":3045,"minecraft:drop":153,"minecraft:talked_to_villager":63,"minecraft:play_time":157402,"minecraft:deaths":2,"minecraft:sneak_time":5364,"minecraft:walk_under_water_one_cm":2469,"minecraft:jump":3527,"minecraft:walk_on_water_one_cm":5167,"minecraft:enchant_item":4,"minecraft:total_world_time":157402,"minecraft:interact_with_furnace":96,"minecraft:traded_with_villager":286,"minecraft:interact_with_grindstone":1,"minecraft:sleep_in_bed":7,"minecraft:time_since_rest":3600,"minecraft:damage_taken":2299,"minecraft:damage_dealt":24056,"minecraft:swim_one_cm":14120,"minecraft:fly_one_cm":721388,"minecraft:open_chest":88,"minecraft:crouch_one_cm":10428,"minecraft:fall_one_cm":72750},"minecraft:killed_by":{"minecraft:iron_golem":1},"minecraft:crafted":{"minecraft:grindstone":1,"minecraft:oak_planks":3588,"minecraft:smooth_stone":3,"minecraft:cooked_chicken":4,"minecraft:furnace":3,"minecraft:blast_furnace":1,"minecraft:stone":10,"minecraft:diamond_shovel":1,"minecraft:cooked_mutton":20,"minecraft:diamond_helmet":1,"minecraft:diamond_leggings":2,"minecraft:iron_boots":9,"minecraft:iron_axe":3,"minecraft:chest":2,"minecraft:diamond_boots":2,"minecraft:chainmail_leggings":36,"minecraft:cooked_beef":23,"minecraft:diamond_sword":1,"minecraft:arrow":192,"minecraft:emerald":216,"minecraft:cooked_porkchop":24,"minecraft:diamond_axe":1,"minecraft:crafting_table":3,"minecraft:wooden_pickaxe":1,"minecraft:iron_helmet":1,"minecraft:iron_sword":1,"minecraft:fletching_table":4,"minecraft:birch_planks":216,"minecraft:bucket":1,"minecraft:air":0,"minecraft:iron_chestplate":1,"minecraft:diamond_pickaxe":1,"minecraft:shield":3,"minecraft:stick":7088,"minecraft:stone_slab":6,"minecraft:chainmail_boots":6,"minecraft:iron_shovel":1,"minecraft:white_bed":2,"minecraft:acacia_planks":68,"minecraft:torch":8,"minecraft:shears":1,"minecraft:diamond_chestplate":1},"minecraft:killed":{"minecraft:spider":5,"minecraft:phantom":1,"minecraft:horse":7,"minecraft:skeleton":9,"minecraft:chicken":2,"minecraft:pig":15,"minecraft:zombie_villager":1,"minecraft:iron_golem":12,"minecraft:creeper":3,"minecraft:sheep":10,"minecraft:zombie":17,"minecraft:donkey":2,"minecraft:cow":13},"minecraft:mined":{"minecraft:white_bed":5,"minecraft:brewing_stand":3,"minecraft:acacia_log":17,"minecraft:grass_block":126,"minecraft:composter":1,"minecraft:furnace":5,"minecraft:fletching_table":2,"minecraft:dirt_path":76,"minecraft:stone":25,"minecraft:oak_fence":2,"minecraft:crafting_table":4,"minecraft:short_grass":157,"minecraft:blast_furnace":2,"minecraft:dead_bush":10,"minecraft:tall_grass":15,"minecraft:sugar_cane":16,"minecraft:oak_planks":29,"minecraft:birch_planks":1,"minecraft:birch_log":54,"minecraft:birch_leaves":1,"minecraft:yellow_bed":4,"minecraft:oak_log":960,"minecraft:coal_ore":15,"minecraft:gravel":102,"minecraft:dirt":85,"minecraft:cobweb":1,"minecraft:oak_leaves":197},"minecraft:broken":{"minecraft:iron_shovel":1,"minecraft:stone_sword":1,"minecraft:shield":1,"minecraft:iron_axe":3,"minecraft:iron_sword":1},"minecraft:dropped":{"minecraft:iron_ingot":3,"minecraft:wheat_seeds":3,"minecraft:cooked_beef":1,"minecraft:diamond_leggings":1,"minecraft:leather":5,"minecraft:golden_apple":1,"minecraft:stick":7,"minecraft:gray_wool":1,"minecraft:gold_nugget":6,"minecraft:chainmail_leggings":87,"minecraft:string":2,"minecraft:white_wool":17,"minecraft:furnace":1,"minecraft:sugar_cane":30,"minecraft:cooked_chicken":2,"minecraft:stone_sword":1,"minecraft:rotten_flesh":16,"minecraft:light_gray_wool":2,"minecraft:oak_planks":56,"minecraft:iron_boots":17,"minecraft:white_bed":1,"minecraft:poppy":3,"minecraft:shield":1,"minecraft:gunpowder":1,"minecraft:oak_sapling":2,"minecraft:chainmail_boots":11,"minecraft:diamond_boots":1,"minecraft:powered_rail":8},"minecraft:used":{"minecraft:oak_fence":2,"minecraft:stone_sword":139,"minecraft:enchanting_table":1,"minecraft:iron_shovel":251,"minecraft:chest":2,"minecraft:shield":52,"minecraft:iron_sword":257,"minecraft:cooked_chicken":2,"minecraft:rotten_flesh":1,"minecraft:torch":8,"minecraft:brewing_stand":2,"minecraft:dirt":332,"minecraft:mutton":2,"minecraft:bookshelf":3,"minecraft:iron_axe":744,"minecraft:birch_sapling":1,"minecraft:oak_sapling":88,"minecraft:furnace":6,"minecraft:cooked_beef":2,"minecraft:cooked_mutton":6,"minecraft:birch_planks":1,"minecraft:stone_pickaxe":54,"minecraft:oak_planks":128,"minecraft:composter":1,"minecraft:diamond_axe":301,"minecraft:fletching_table":4,"minecraft:crafting_table":6,"minecraft:blast_furnace":3,"minecraft:white_bed":6,"minecraft:shears":1,"minecraft:oak_log":7,"minecraft:apple":1,"minecraft:diamond_shovel":38,"minecraft:bread":1,"minecraft:gravel":38,"minecraft:stone_axe":64,"minecraft:diamond_sword":13,"minecraft:cobblestone":4,"minecraft:grindstone":1,"minecraft:cooked_porkchop":24,"minecraft:yellow_bed":4,"minecraft:chainmail_leggings":1},"minecraft:picked_up":{"minecraft:crafting_table":4,"minecraft:chainmail_boots":7,"minecraft:chicken":2,"minecraft:brewing_stand":3,"minecraft:shield":2,"minecraft:string":6,"minecraft:iron_shovel":1,"minecraft:gold_nugget":6,"minecraft:beef":32,"minecraft:poppy":18,"minecraft:light_gray_wool":2,"minecraft:enchanted_golden_apple":1,"minecraft:sugar_cane":30,"minecraft:birch_sapling":2,"minecraft:furnace":8,"minecraft:phantom_membrane":1,"minecraft:iron_boots":9,"minecraft:egg":1,"minecraft:stick":55,"minecraft:composter":1,"minecraft:oak_fence":2,"minecraft:acacia_log":34,"minecraft:porkchop":39,"minecraft:stone_sword":2,"minecraft:arrow":13,"minecraft:rotten_flesh":33,"minecraft:shears":2,"minecraft:bookshelf":3,"minecraft:mutton":18,"minecraft:white_wool":24,"minecraft:cobblestone":112,"minecraft:birch_log":54,"minecraft:enchanting_table":1,"minecraft:cooked_beef":15,"minecraft:leather":29,"minecraft:red_mushroom":5,"minecraft:birch_planks":26,"minecraft:flint":8,"minecraft:oak_log":994,"minecraft:yellow_bed":4,"minecraft:gunpowder":3,"minecraft:lapis_lazuli":16,"minecraft:dirt":490,"minecraft:cooked_mutton":14,"minecraft:bone":14,"minecraft:apple":12,"minecraft:bow":1,"minecraft:wheat_seeds":27,"minecraft:iron_ingot":53,"minecraft:stone_pickaxe":4,"minecraft:cobweb":1,"minecraft:fletching_table":2,"minecraft:oak_planks":85,"minecraft:cooked_porkchop":14,"minecraft:gravel":95,"minecraft:blast_furnace":2,"minecraft:white_bed":5,"minecraft:diamond":27,"minecraft:stone_axe":2,"minecraft:chainmail_leggings":52,"minecraft:gray_wool":1,"minecraft:oak_sapling":112,"minecraft:coal":33}},"DataVersion":3955}