{"stats":{"minecraft:killed_by":{"minecraft:husk":1,"minecraft:skeleton":1,"minecraft:spider":3},"minecraft:used":{"minecraft:red_sand":13,"minecraft:tropical_fish":1,"minecraft:cactus":1,"minecraft:sand":7,"minecraft:spider_eye":1,"minecraft:sea_pickle":2,"minecraft:orange_terracotta":7},"minecraft:mined":{"minecraft:seagrass":1,"minecraft:cactus":9,"minecraft:bubble_coral":1,"minecraft:sea_pickle":1,"minecraft:short_grass":1,"minecraft:tube_coral_wall_fan":1,"minecraft:dead_bush":53,"minecraft:bubble_coral_wall_fan":1,"minecraft:sand":7,"minecraft:brain_coral_wall_fan":2,"minecraft:sugar_cane":12},"minecraft:dropped":{"minecraft:sea_pickle":1,"minecraft:arrow":1,"minecraft:stick":16},"minecraft:picked_up":{"minecraft:stick":95,"minecraft:sand":11,"minecraft:ink_sac":6,"minecraft:spider_eye":2,"minecraft:string":4,"minecraft:orange_terracotta":7,"minecraft:cactus":43,"minecraft:arrow":2,"minecraft:bone":1,"minecraft:tropical_fish":1,"minecraft:sea_pickle":3,"minecraft:red_sand":13,"minecraft:sugar_cane":112},"minecraft:custom":{"minecraft:time_since_rest":1128,"minecraft:damage_taken":1560,"minecraft:sprint_one_cm":65407,"minecraft:walk_one_cm":60239,"minecraft:mob_kills":9,"minecraft:drop":6,"minecraft:damage_dealt":1314,"minecraft:swim_one_cm":16936,"minecraft:fly_one_cm":122173,"minecraft:play_time":25743,"minecraft:deaths":6,"minecraft:sneak_time":113,"minecraft:walk_under_water_one_cm":5509,"minecraft:jump":479,"minecraft:leave_game":5,"minecraft:walk_on_water_one_cm":4190,"minecraft:time_since_death":0,"minecraft:total_world_time":25743,"minecraft:fall_one_cm":7431},"minecraft:killed":{"minecraft:husk":1,"minecraft:spider":6,"minecraft:tropical_fish":1,"minecraft:squid":1}},"DataVersion":3955}