{"stats":{"minecraft:killed":{"minecraft:pig":11,"minecraft:iron_golem":1,"minecraft:sheep":10,"minecraft:horse":5,"minecraft:donkey":2,"minecraft:zombie":1,"minecraft:chicken":1,"minecraft:cow":6},"minecraft:picked_up":{"minecraft:birch_log":7,"minecraft:crafting_table":4,"minecraft:cooked_beef":1,"minecraft:chicken":1,"minecraft:leather":10,"minecraft:oak_log":33,"minecraft:yellow_bed":3,"minecraft:shield":1,"minecraft:dirt":181,"minecraft:apple":1,"minecraft:wheat_seeds":21,"minecraft:gold_nugget":6,"minecraft:iron_ingot":6,"minecraft:beef":10,"minecraft:stone_pickaxe":2,"minecraft:cobweb":1,"minecraft:poppy":2,"minecraft:light_gray_wool":2,"minecraft:oak_planks":64,"minecraft:furnace":4,"minecraft:stick":7,"minecraft:acacia_log":17,"minecraft:porkchop":21,"minecraft:white_bed":3,"minecraft:stone_sword":2,"minecraft:rotten_flesh":2,"minecraft:stone_axe":1,"minecraft:shears":1,"minecraft:gray_wool":1,"minecraft:oak_sapling":7,"minecraft:mutton":16,"minecraft:coal":24,"minecraft:white_wool":6,"minecraft:cobblestone":32},"minecraft:custom":{"minecraft:interact_with_furnace":49,"minecraft:mob_kills":37,"minecraft:interact_with_crafting_table":12,"minecraft:time_since_death":30337,"minecraft:sleep_in_bed":3,"minecraft:time_since_rest":7901,"minecraft:sprint_one_cm":148812,"minecraft:damage_taken":266,"minecraft:walk_one_cm":101244,"minecraft:damage_blocked_by_shield":90,"minecraft:drop":21,"minecraft:damage_dealt":5228,"minecraft:swim_one_cm":10336,"minecraft:fly_one_cm":275299,"minecraft:open_chest":3,"minecraft:crouch_one_cm":5519,"minecraft:play_time":36530,"minecraft:deaths":1,"minecraft:sneak_time":1437,"minecraft:walk_under_water_one_cm":1685,"minecraft:jump":1217,"minecraft:walk_on_water_one_cm":3912,"minecraft:total_world_time":36530,"minecraft:fall_one_cm":28200},"minecraft:used":{"minecraft:stone_sword":105,"minecraft:iron_shovel":172,"minecraft:stone_pickaxe":46,"minecraft:oak_planks":105,"minecraft:shield":4,"minecraft:cooked_chicken":2,"minecraft:rotten_flesh":1,"minecraft:dirt":33,"minecraft:mutton":2,"minecraft:crafting_table":4,"minecraft:white_bed":4,"minecraft:shears":1,"minecraft:bread":1,"minecraft:stone_axe":56,"minecraft:furnace":2,"minecraft:yellow_bed":3,"minecraft:cooked_beef":2},"minecraft:dropped":{"minecraft:iron_ingot":3,"minecraft:furnace":1,"minecraft:wheat_seeds":3,"minecraft:cooked_beef":1,"minecraft:cooked_chicken":2,"minecraft:stone_sword":1,"minecraft:rotten_flesh":1,"minecraft:light_gray_wool":2,"minecraft:oak_planks":56,"minecraft:white_bed":1,"minecraft:golden_apple":1,"minecraft:stick":6,"minecraft:gray_wool":1,"minecraft:shield":1,"minecraft:gold_nugget":6,"minecraft:powered_rail":8},"minecraft:crafted":{"minecraft:cooked_beef":16,"minecraft:oak_planks":132,"minecraft:cooked_porkchop":14,"minecraft:crafting_table":1,"minecraft:wooden_pickaxe":1,"minecraft:cooked_chicken":4,"minecraft:furnace":2,"minecraft:birch_planks":28,"minecraft:cooked_mutton":18,"minecraft:air":0,"minecraft:shield":2,"minecraft:stick":8,"minecraft:iron_shovel":1,"minecraft:white_bed":2,"minecraft:shears":1},"minecraft:mined":{"minecraft:white_bed":3,"minecraft:crafting_table":4,"minecraft:short_grass":91,"minecraft:acacia_log":17,"minecraft:grass_block":104,"minecraft:dead_bush":10,"minecraft:tall_grass":5,"minecraft:oak_planks":8,"minecraft:furnace":4,"minecraft:birch_log":7,"minecraft:yellow_bed":3,"minecraft:oak_log":32,"minecraft:coal_ore":15,"minecraft:dirt_path":74,"minecraft:dirt":3,"minecraft:cobweb":1,"minecraft:stone":25,"minecraft:oak_leaves":7}},"DataVersion":3955}