{"stats":{"minecraft:crafted":{"minecraft:oak_boat":1,"minecraft:oak_planks":24,"minecraft:crafting_table":1,"minecraft:wooden_axe":1},"minecraft:killed_by":{"minecraft:husk":1,"minecraft:skeleton":1,"minecraft:spider":3},"minecraft:used":{"minecraft:wooden_axe":3,"minecraft:red_sand":17,"minecraft:rabbit":1,"minecraft:tropical_fish":1,"minecraft:cactus":6,"minecraft:sand":9,"minecraft:crafting_table":2,"minecraft:spider_eye":1,"minecraft:sea_pickle":2,"minecraft:orange_terracotta":7},"minecraft:mined":{"minecraft:seagrass":1,"minecraft:cactus":9,"minecraft:bubble_coral":1,"minecraft:sea_pickle":1,"minecraft:crafting_table":2,"minecraft:glow_lichen":1,"minecraft:red_sand":4,"minecraft:short_grass":1,"minecraft:tube_coral_wall_fan":1,"minecraft:oak_log":2,"minecraft:dead_bush":58,"minecraft:bubble_coral_wall_fan":1,"minecraft:sand":7,"minecraft:brain_coral_wall_fan":2,"minecraft:sugar_cane":47},"minecraft:dropped":{"minecraft:sugar_cane":18,"minecraft:sea_pickle":1,"minecraft:arrow":1,"minecraft:cactus":6,"minecraft:string":2,"minecraft:stick":46},"minecraft:picked_up":{"minecraft:stick":159,"minecraft:crafting_table":2,"minecraft:sand":13,"minecraft:oak_log":6,"minecraft:ink_sac":9,"minecraft:spider_eye":2,"minecraft:string":10,"minecraft:orange_terracotta":7,"minecraft:cactus":54,"minecraft:arrow":3,"minecraft:bone":2,"minecraft:tropical_fish":1,"minecraft:sea_pickle":3,"minecraft:red_sand":17,"minecraft:rabbit_hide":1,"minecraft:rabbit":1,"minecraft:sugar_cane":226},"minecraft:custom":{"minecraft:time_since_rest":13145,"minecraft:damage_taken":1660,"minecraft:sprint_one_cm":100686,"minecraft:walk_one_cm":77998,"minecraft:mob_kills":10,"minecraft:drop":10,"minecraft:damage_dealt":1455,"minecraft:swim_one_cm":28035,"minecraft:interact_with_crafting_table":3,"minecraft:fly_one_cm":185914,"minecraft:boat_one_cm":14407,"minecraft:crouch_one_cm":59,"minecraft:play_time":37760,"minecraft:deaths":6,"minecraft:sneak_time":556,"minecraft:walk_under_water_one_cm":7170,"minecraft:jump":850,"minecraft:leave_game":6,"minecraft:walk_on_water_one_cm":10823,"minecraft:time_since_death":11575,"minecraft:total_world_time":37760,"minecraft:fall_one_cm":14063},"minecraft:killed":{"minecraft:husk":1,"minecraft:rabbit":1,"minecraft:spider":6,"minecraft:tropical_fish":1,"minecraft:squid":1}},"DataVersion":3955}