{"stats":{"minecraft:killed":{"minecraft:pig":15,"minecraft:iron_golem":5,"minecraft:sheep":10,"minecraft:horse":5,"minecraft:skeleton":2,"minecraft:donkey":2,"minecraft:zombie":1,"minecraft:chicken":1,"minecraft:cow":8},"minecraft:picked_up":{"minecraft:birch_log":12,"minecraft:crafting_table":4,"minecraft:cooked_beef":15,"minecraft:chicken":1,"minecraft:leather":22,"minecraft:birch_planks":25,"minecraft:flint":1,"minecraft:oak_log":149,"minecraft:brewing_stand":2,"minecraft:yellow_bed":4,"minecraft:shield":2,"minecraft:dirt":394,"minecraft:cooked_mutton":14,"minecraft:iron_shovel":1,"minecraft:bone":5,"minecraft:apple":2,"minecraft:bow":1,"minecraft:wheat_seeds":26,"minecraft:gold_nugget":6,"minecraft:iron_ingot":25,"minecraft:beef":22,"minecraft:stone_pickaxe":4,"minecraft:cobweb":1,"minecraft:poppy":8,"minecraft:light_gray_wool":2,"minecraft:enchanted_golden_apple":1,"minecraft:oak_planks":64,"minecraft:egg":1,"minecraft:furnace":8,"minecraft:stick":19,"minecraft:cooked_porkchop":14,"minecraft:composter":1,"minecraft:oak_fence":1,"minecraft:acacia_log":34,"minecraft:porkchop":39,"minecraft:white_bed":5,"minecraft:arrow":4,"minecraft:stone_sword":2,"minecraft:rotten_flesh":2,"minecraft:stone_axe":2,"minecraft:shears":2,"minecraft:gray_wool":1,"minecraft:oak_sapling":23,"minecraft:mutton":18,"minecraft:coal":33,"minecraft:white_wool":6,"minecraft:cobblestone":48},"minecraft:broken":{"minecraft:stone_sword":1},"minecraft:custom":{"minecraft:interact_with_furnace":62,"minecraft:mob_kills":49,"minecraft:interact_with_crafting_table":19,"minecraft:time_since_death":11461,"minecraft:sleep_in_bed":4,"minecraft:time_since_rest":11492,"minecraft:sprint_one_cm":222343,"minecraft:damage_taken":849,"minecraft:walk_one_cm":148362,"minecraft:damage_blocked_by_shield":285,"minecraft:drop":21,"minecraft:damage_dealt":9889,"minecraft:swim_one_cm":10336,"minecraft:fly_one_cm":362741,"minecraft:open_chest":14,"minecraft:crouch_one_cm":7445,"minecraft:play_time":54530,"minecraft:deaths":2,"minecraft:sneak_time":2251,"minecraft:walk_under_water_one_cm":1685,"minecraft:jump":1669,"minecraft:walk_on_water_one_cm":3912,"minecraft:total_world_time":54530,"minecraft:fall_one_cm":34585},"minecraft:dropped":{"minecraft:iron_ingot":3,"minecraft:furnace":1,"minecraft:wheat_seeds":3,"minecraft:cooked_beef":1,"minecraft:cooked_chicken":2,"minecraft:stone_sword":1,"minecraft:rotten_flesh":1,"minecraft:light_gray_wool":2,"minecraft:oak_planks":56,"minecraft:white_bed":1,"minecraft:golden_apple":1,"minecraft:stick":6,"minecraft:gray_wool":1,"minecraft:shield":1,"minecraft:gold_nugget":6,"minecraft:powered_rail":8},"minecraft:used":{"minecraft:oak_fence":1,"minecraft:cooked_mutton":4,"minecraft:stone_sword":139,"minecraft:iron_shovel":213,"minecraft:stone_pickaxe":51,"minecraft:oak_planks":105,"minecraft:chest":2,"minecraft:shield":7,"minecraft:iron_sword":47,"minecraft:composter":1,"minecraft:cooked_chicken":2,"minecraft:rotten_flesh":1,"minecraft:brewing_stand":2,"minecraft:dirt":179,"minecraft:mutton":2,"minecraft:crafting_table":6,"minecraft:white_bed":6,"minecraft:shears":1,"minecraft:iron_axe":128,"minecraft:bread":1,"minecraft:stone_axe":64,"minecraft:oak_sapling":8,"minecraft:furnace":6,"minecraft:cooked_porkchop":2,"minecraft:yellow_bed":4,"minecraft:cooked_beef":2},"minecraft:crafted":{"minecraft:cooked_beef":21,"minecraft:oak_planks":152,"minecraft:cooked_porkchop":24,"minecraft:crafting_table":3,"minecraft:wooden_pickaxe":1,"minecraft:cooked_chicken":4,"minecraft:iron_sword":1,"minecraft:furnace":2,"minecraft:birch_planks":28,"minecraft:cooked_mutton":20,"minecraft:air":0,"minecraft:shield":2,"minecraft:iron_axe":1,"minecraft:stick":16,"minecraft:chest":2,"minecraft:iron_shovel":1,"minecraft:white_bed":2,"minecraft:acacia_planks":68,"minecraft:shears":1},"minecraft:mined":{"minecraft:white_bed":5,"minecraft:brewing_stand":2,"minecraft:oak_fence":1,"minecraft:crafting_table":4,"minecraft:short_grass":134,"minecraft:acacia_log":17,"minecraft:grass_block":118,"minecraft:dead_bush":10,"minecraft:tall_grass":10,"minecraft:composter":1,"minecraft:oak_planks":8,"minecraft:furnace":5,"minecraft:birch_log":12,"minecraft:yellow_bed":4,"minecraft:oak_log":148,"minecraft:coal_ore":15,"minecraft:dirt_path":76,"minecraft:dirt":42,"minecraft:cobweb":1,"minecraft:stone":25,"minecraft:oak_leaves":36},"minecraft:killed_by":{"minecraft:iron_golem":1}},"DataVersion":3955}